symbol,holding_days,trades,avg_return_pct,median_return_pct,total_return_pct,best_return_pct,worst_return_pct,win_rate_pct,stop_rate_pct,expectancy_rank
SHRIRAMFIN,15,119,3.535,0.105,420.649,22.486,-7.2,51.261,46.218,19.766
SHRIRAMFIN,10,119,3.273,-0.509,389.516,17.201,-7.2,46.218,42.017,16.503
SAMMAANCAP,15,60,4.486,-1.115,269.15,22.835,-7.2,46.667,53.333,16.215
ADANIPOWER,15,36,6.181,-1.201,222.504,34.399,-7.2,41.667,50.0,15.452
ADANIENT,15,29,4.87,3.229,141.237,19.748,-2.583,58.621,27.586,15.374
ADANIPOWER,10,36,5.56,-2.014,200.167,28.163,-7.2,41.667,50.0,13.9
AUBANK,15,78,2.709,1.653,211.306,14.562,-3.615,55.128,42.308,13.19
ASHOKLEY,15,98,2.625,-0.869,257.251,17.237,-7.2,48.98,48.98,12.728
OFSS,5,36,2.846,2.314,102.451,14.929,-5.968,69.444,25.0,11.858
POWERINDIA,10,72,2.695,0.009,194.047,21.426,-7.2,51.389,45.833,11.752
SAMMAANCAP,10,63,3.29,-0.857,207.257,19.343,-7.2,44.444,41.27,11.605
LTF,15,105,2.324,-0.429,244.054,14.366,-6.156,47.619,48.571,11.342
INDIANB,15,96,2.264,-0.371,217.372,12.278,-7.2,50.0,47.917,11.093
NATIONALUM,15,172,2.306,-1.663,396.557,27.728,-7.2,34.884,62.209,10.548
SBIN,10,141,1.386,1.349,195.479,17.321,-4.335,58.156,38.298,9.574
MCX,10,79,2.132,-0.562,168.447,14.93,-6.916,49.367,50.633,9.356
ADANIGREEN,15,33,2.745,0.253,90.6,22.987,-7.2,57.576,42.424,9.08
MCX,15,79,2.302,-0.562,181.854,21.272,-6.916,43.038,54.43,8.806
AUBANK,10,78,1.864,0.914,145.418,14.505,-3.615,52.564,42.308,8.655
LAURUSLABS,10,112,1.652,-0.121,185.044,14.303,-4.168,49.107,32.143,8.586
SBIN,15,141,1.427,0.802,201.201,19.037,-4.851,50.355,46.809,8.532
ADANIENT,10,35,2.798,0.515,97.936,13.078,-4.1,51.429,34.286,8.514
VEDL,15,120,1.787,-0.687,214.465,14.344,-7.2,43.333,56.667,8.484
ADANIPOWER,5,36,2.71,-0.192,97.545,17.001,-5.289,50.0,47.222,8.129
BSE,15,63,2.731,-1.363,172.03,22.345,-7.2,36.508,58.73,7.913
BANKBARODA,15,82,1.654,0.77,135.656,9.109,-3.697,52.439,36.585,7.856
LTF,10,105,1.581,-0.429,166.012,13.935,-6.156,47.619,48.571,7.715
MCX,5,79,1.559,0.737,123.125,16.31,-6.916,54.43,36.709,7.54
SAMMAANCAP,5,65,1.78,0.827,115.71,21.414,-7.2,52.308,32.308,7.507
POWERINDIA,5,72,1.841,-0.256,132.554,9.886,-7.2,47.222,36.111,7.377
BHEL,15,98,2.406,-1.7,235.746,29.896,-7.2,30.612,69.388,7.29
LAURUSLABS,15,107,1.525,-0.274,163.137,16.036,-7.2,45.794,46.729,7.222
CANBK,15,102,1.61,-0.657,164.18,15.27,-7.2,44.118,47.059,7.172
OFSS,3,36,1.695,1.765,61.021,8.303,-3.711,69.444,22.222,7.063
INDIANB,10,96,1.31,1.288,125.766,13.12,-7.2,54.167,43.75,6.953
SHRIRAMFIN,5,119,1.274,-0.235,151.657,11.692,-7.2,47.899,38.655,6.659
INDIANB,3,96,1.101,0.829,105.716,5.376,-7.2,61.458,15.625,6.631
POWERINDIA,3,75,1.303,0.156,97.688,10.372,-7.2,57.333,34.667,6.467
BANKBARODA,10,82,1.221,1.013,100.098,9.356,-3.697,57.317,36.585,6.336
FEDERALBNK,15,161,1.055,-0.857,169.858,14.154,-7.2,44.72,55.28,5.987
ADANIPOWER,3,38,1.522,0.871,57.831,8.947,-5.289,63.158,26.316,5.925
ASHOKLEY,10,98,1.241,-0.661,121.636,11.08,-7.2,47.959,46.939,5.893
YESBANK,15,60,1.712,-0.292,102.706,13.706,-6.072,43.333,48.333,5.746
INDIANB,5,96,0.899,1.342,86.349,7.521,-7.2,64.583,29.167,5.692
CGPOWER,15,59,1.614,-1.403,95.238,16.265,-7.2,44.068,54.237,5.464
UNIONBANK,10,95,1.151,-0.02,109.316,12.098,-7.2,48.421,41.053,5.431
LAURUSLABS,5,119,0.915,0.368,108.866,8.88,-4.168,53.782,35.294,5.367
UNIONBANK,15,95,1.271,-0.97,120.736,14.834,-7.2,43.158,50.526,5.346
AUBANK,5,78,1.105,0.32,86.168,12.588,-3.615,53.846,34.615,5.254
ASHOKLEY,3,98,0.897,0.422,87.908,10.285,-3.546,57.143,22.449,5.074
ADANIENSOL,10,81,1.442,-2.19,116.815,30.548,-7.2,38.272,48.148,4.967
FEDERALBNK,10,168,0.748,-0.13,125.604,12.265,-7.2,48.81,50.0,4.73
BSE,10,63,1.316,-1.33,82.931,18.617,-7.2,42.857,57.143,4.478
LTIM,15,64,1.119,0.088,71.608,8.406,-4.131,50.0,43.75,4.476
NATIONALUM,10,175,0.845,-1.286,147.929,20.553,-7.2,40.0,56.0,4.473
POWERINDIA,15,70,1.334,-1.143,93.38,28.443,-7.2,40.0,58.571,4.464
PREMIERENE,15,29,1.806,-2.303,52.367,18.901,-7.2,44.828,51.724,4.359
ZYDUSLIFE,10,41,1.326,0.082,54.362,11.969,-4.962,51.22,43.902,4.348
BSE,5,63,1.148,-0.154,72.346,11.446,-7.2,47.619,44.444,4.34
OFSS,10,36,1.723,-1.372,62.035,20.467,-7.2,41.667,47.222,4.308
SAMMAANCAP,3,66,1.212,-0.766,79.96,21.11,-7.2,42.424,30.303,4.176
CANBK,10,102,0.914,-0.646,93.252,11.002,-7.2,45.098,45.098,4.164
SHRIRAMFIN,3,119,0.701,0.518,83.386,10.019,-3.263,53.782,27.731,4.111
ADANIGREEN,10,36,1.539,-0.978,55.395,14.376,-7.2,44.444,36.111,4.103
SOLARINDS,15,34,1.708,-0.844,58.064,17.664,-6.538,41.176,52.941,4.1
LAURUSLABS,3,119,0.613,0.498,72.962,6.37,-4.574,59.664,30.252,3.991
PIDILITIND,10,20,1.481,0.971,29.624,6.993,-2.288,60.0,40.0,3.974
ASHOKLEY,5,98,0.815,-0.022,79.883,10.665,-7.2,48.98,35.714,3.952
CGPOWER,5,68,0.958,0.184,65.163,11.87,-5.676,50.0,32.353,3.951
ASTRAL,10,40,1.452,-0.508,58.067,10.278,-4.417,42.5,57.5,3.902
HINDALCO,5,161,0.584,0.43,94.037,8.395,-7.2,52.174,37.888,3.867
ADANIENT,5,39,1.19,0.18,46.428,9.166,-4.1,51.282,28.205,3.812
BHEL,10,98,1.296,-1.7,127.0,19.151,-7.2,29.592,69.388,3.796
ZYDUSLIFE,15,37,1.671,-1.352,61.809,15.885,-4.962,35.135,43.243,3.57
MCX,3,79,0.838,-0.182,66.165,9.467,-6.916,45.57,34.177,3.392
CGPOWER,10,63,0.923,-1.403,58.136,15.335,-7.077,44.444,49.206,3.255
HINDALCO,3,161,0.492,0.018,79.203,6.035,-7.2,50.932,30.435,3.179
BSE,3,63,0.674,0.371,42.484,9.884,-7.2,57.143,33.333,3.059
ASTRAL,15,40,1.465,-0.508,58.585,13.366,-4.417,32.5,57.5,3.011
ADANIENT,3,41,0.996,-0.022,40.851,9.36,-3.07,46.341,26.829,2.956
UNIONBANK,5,95,0.576,0.068,54.704,8.32,-7.2,52.632,25.263,2.954
YESBANK,10,62,0.957,-0.287,59.351,10.479,-6.072,37.097,48.387,2.796
YESBANK,5,66,0.841,-0.292,55.502,9.276,-5.159,40.909,42.424,2.795
IIFL,15,44,1.234,-0.959,54.314,13.912,-6.503,34.091,56.818,2.791
ABB,10,45,1.238,-0.873,55.707,17.29,-6.228,33.333,57.778,2.768
LTIM,10,64,0.684,0.1,43.787,6.756,-4.618,50.0,43.75,2.737
ABB,5,45,1.053,-0.517,47.388,10.383,-3.764,37.778,48.889,2.669
ZYDUSLIFE,5,43,0.751,0.2,32.288,7.428,-3.856,51.163,23.256,2.519
CGPOWER,3,69,0.59,0.135,40.738,6.646,-5.676,50.725,27.536,2.488
IIFL,10,44,0.841,-0.428,37.01,14.251,-6.503,43.182,47.727,2.409
AUBANK,3,78,0.505,0.136,39.385,7.881,-3.615,53.846,24.359,2.401
YESBANK,3,71,0.665,-0.292,47.225,9.613,-3.836,42.254,40.845,2.368
BANDHANBNK,15,60,0.803,-1.407,48.194,18.335,-7.2,36.667,63.333,2.281
INDIGO,5,11,1.251,1.996,13.766,3.98,-1.75,54.545,45.455,2.264
SBIN,5,141,0.378,-0.331,53.366,11.239,-4.335,47.518,31.915,2.136
ASIANPAINT,10,50,0.48,0.341,23.991,9.854,-3.259,60.0,36.0,2.036
POLYCAB,5,75,0.5,-0.507,37.516,8.401,-7.2,46.667,37.333,2.022
LTF,5,105,0.41,-0.418,43.089,12.37,-6.156,47.619,40.952,2.002
ADANIENSOL,15,77,0.823,-2.668,63.383,45.074,-7.2,27.273,57.143,1.97
PIDILITIND,15,15,1.507,-0.772,22.612,7.051,-2.288,33.333,53.333,1.946
IDFCFIRSTB,10,71,0.542,-0.659,38.506,7.219,-4.102,40.845,47.887,1.867
NAM-INDIA,15,19,0.779,1.453,14.798,7.759,-7.2,52.632,31.579,1.787
BANKBARODA,5,82,0.377,0.028,30.921,5.922,-3.697,51.22,35.366,1.749
NATIONALUM,3,175,0.284,-0.17,49.677,13.992,-7.2,44.571,34.857,1.674
NATIONALUM,5,175,0.272,-0.591,47.609,17.94,-7.2,46.286,45.714,1.666
DMART,3,32,0.815,-0.874,26.088,11.725,-4.386,34.375,56.25,1.585
MOTILALOFS,3,25,0.563,0.426,14.087,9.364,-5.765,56.0,12.0,1.578
BHARATFORG,10,87,0.504,-1.245,43.83,14.984,-7.2,33.333,58.621,1.566
LTF,3,105,0.352,-0.151,36.995,8.274,-6.072,42.857,31.429,1.547
VEDL,10,120,0.39,-0.539,46.821,18.247,-7.2,35.833,55.0,1.532
PHOENIXLTD,5,74,0.397,-0.36,29.388,6.459,-3.32,44.595,40.541,1.523
POLYCAB,3,81,0.38,-0.294,30.804,7.653,-7.2,44.444,30.864,1.521
APLAPOLLO,15,63,0.48,-0.722,30.246,12.095,-6.867,39.683,55.556,1.512
IIFL,5,44,0.471,-0.076,20.722,10.308,-6.503,47.727,34.091,1.491
SOLARINDS,10,36,0.886,-0.999,31.898,17.159,-5.58,27.778,52.778,1.477
ASTRAL,5,40,0.517,-0.206,20.698,9.156,-4.417,45.0,47.5,1.473
ICICIPRULI,10,26,0.615,-0.208,15.988,5.123,-4.332,46.154,30.769,1.447
LTIM,5,64,0.331,0.244,21.209,4.971,-4.131,53.125,39.062,1.408
ASIANPAINT,15,50,0.41,-0.512,20.486,9.77,-4.112,48.0,52.0,1.391
UNIONBANK,3,95,0.294,-0.298,27.898,9.445,-3.189,47.368,17.895,1.356
ABB,3,49,0.452,-0.517,22.139,7.348,-3.764,42.857,44.898,1.355
FEDERALBNK,5,173,0.208,-0.392,36.051,7.902,-7.2,49.133,47.399,1.347
HEROMOTOCO,10,54,0.433,-0.366,23.39,7.97,-2.578,40.741,42.593,1.297
INDHOTEL,3,38,0.45,-0.703,17.116,4.216,-1.891,42.105,50.0,1.169
BANDHANBNK,10,62,0.34,-0.574,21.079,10.508,-7.2,43.548,48.387,1.166
APLAPOLLO,10,63,0.416,-0.722,26.187,9.7,-4.268,34.921,52.381,1.152
ABCAPITAL,3,109,0.241,-0.498,26.238,6.079,-4.047,44.954,34.862,1.13
GODREJPROP,3,17,0.72,-0.36,12.241,7.954,-4.248,35.294,23.529,1.048
ABCAPITAL,15,104,0.294,-0.666,30.613,9.158,-7.2,34.615,58.654,1.039
HINDALCO,10,161,0.235,-1.132,37.904,12.38,-7.2,34.783,51.553,1.039
DMART,5,32,0.731,-0.967,23.377,16.5,-4.585,25.0,68.75,1.033
APLAPOLLO,5,63,0.255,-0.032,16.045,6.292,-4.268,49.206,36.508,0.995
IDEA,15,79,0.359,-1.398,28.327,17.408,-7.2,30.38,67.089,0.968
BLUESTARCO,5,35,0.357,-0.447,12.488,5.707,-3.2,45.714,34.286,0.965
BHARATFORG,5,88,0.273,-0.702,24.065,9.557,-7.2,37.5,44.318,0.962
AUROPHARMA,15,73,0.313,-1.326,22.871,10.914,-7.2,34.247,63.014,0.917
GODREJPROP,5,17,0.619,-0.772,10.522,10.726,-7.2,35.294,29.412,0.901
ABCAPITAL,5,109,0.211,-0.717,22.978,6.433,-4.31,38.532,45.872,0.848
APLAPOLLO,3,63,0.219,-0.209,13.792,5.139,-4.268,47.619,28.571,0.827
CANBK,5,102,0.183,-0.622,18.688,6.863,-5.263,44.118,37.255,0.816
SBIN,3,141,0.136,0.001,19.194,6.725,-4.335,50.355,31.915,0.814
IDFCFIRSTB,5,73,0.231,-0.238,16.856,6.19,-4.102,41.096,41.096,0.811
AUROPHARMA,5,73,0.203,-0.407,14.784,6.028,-4.555,46.575,39.726,0.806
HINDALCO,15,161,0.179,-1.216,28.848,11.223,-7.2,33.54,61.491,0.763
ADANIENSOL,3,88,0.208,-0.738,18.265,11.304,-7.2,38.636,30.682,0.752
BHEL,3,98,0.155,-0.831,15.226,8.141,-7.2,47.959,38.776,0.738
ICICIPRULI,15,26,0.337,-0.709,8.754,5.27,-4.332,42.308,30.769,0.726
KPITTECH,3,26,0.248,0.032,6.457,4.148,-3.026,50.0,15.385,0.633
PHOENIXLTD,10,69,0.194,-0.647,13.402,7.732,-4.807,36.232,50.725,0.585
IIFL,3,44,0.204,-0.382,8.98,6.846,-4.436,40.909,29.545,0.554
ABB,15,45,0.309,-1.251,13.908,17.824,-6.228,26.667,68.889,0.553
BANKINDIA,15,103,0.196,-1.527,20.195,12.14,-7.2,27.184,70.874,0.541
ZYDUSLIFE,3,43,0.16,0.144,6.898,3.601,-3.856,51.163,20.93,0.538
PHOENIXLTD,3,76,0.135,-0.297,10.263,5.193,-3.32,44.737,36.842,0.527
EICHERMOT,3,85,0.122,-0.158,10.407,6.398,-3.553,45.882,38.824,0.518
SBICARD,3,17,0.203,0.458,3.455,3.179,-3.34,58.824,23.529,0.493
KEI,3,78,0.122,-0.427,9.548,5.031,-7.2,43.59,38.462,0.471
PHOENIXLTD,15,69,0.169,-0.698,11.657,8.855,-5.865,33.333,53.623,0.468
ASTRAL,3,40,0.19,-0.307,7.58,5.942,-4.417,37.5,40.0,0.449
HAL,5,29,0.191,-1.138,5.547,9.759,-7.2,41.379,48.276,0.426
SOLARINDS,3,36,0.151,-0.315,5.434,13.17,-3.873,44.444,38.889,0.403
SUNPHARMA,15,85,0.091,-0.642,7.71,5.368,-4.96,47.059,47.059,0.394
TIINDIA,3,49,0.122,-0.151,5.994,8.201,-4.432,44.898,34.694,0.384
KEI,5,77,0.133,-0.823,10.215,9.528,-7.2,32.468,46.753,0.378
DMART,10,32,0.248,-0.967,7.935,14.571,-7.2,25.0,75.0,0.351
HAL,3,29,0.135,-1.138,3.912,6.019,-7.2,48.276,34.483,0.351
NTPC,3,71,0.088,-0.12,6.282,6.265,-3.787,46.479,43.662,0.347
UNITDSPR,3,21,0.143,0.255,2.996,4.139,-2.971,52.381,38.095,0.342
PIDILITIND,5,26,0.196,-0.465,5.086,5.605,-2.288,30.769,30.769,0.307
DMART,15,32,0.272,-0.984,8.694,17.688,-7.2,18.75,75.0,0.288
IDFCFIRSTB,15,67,0.085,-1.097,5.673,11.713,-6.082,38.806,52.239,0.269
AUROPHARMA,10,73,0.087,-1.207,6.344,8.342,-7.2,34.247,60.274,0.254
BANKINDIA,5,103,0.064,-0.954,6.618,8.217,-7.2,36.893,51.456,0.241
SUNPHARMA,3,85,0.057,-0.159,4.821,4.343,-2.721,44.706,37.647,0.234
IDEA,5,87,0.064,-0.615,5.549,10.449,-7.2,39.08,51.724,0.232
BHEL,5,98,0.051,-1.541,4.993,10.883,-7.2,40.816,52.041,0.206
WIPRO,15,30,0.07,0.43,2.106,8.1,-7.2,53.333,30.0,0.205
BLUESTARCO,3,35,0.068,-0.447,2.366,4.722,-3.2,45.714,34.286,0.183
HINDZINC,5,100,0.041,-0.734,4.125,8.532,-6.066,40.0,44.0,0.165
IDFCFIRSTB,3,73,0.038,-0.077,2.738,5.386,-4.102,49.315,32.877,0.158
HCLTECH,5,68,0.036,0.005,2.467,5.305,-6.167,50.0,29.412,0.15
BHARATFORG,3,89,0.038,-0.853,3.406,8.363,-4.998,39.326,33.708,0.142
INDHOTEL,5,34,0.073,-1.009,2.487,5.679,-2.849,29.412,64.706,0.125
BHARATFORG,15,87,0.05,-1.36,4.386,21.336,-7.2,26.437,64.368,0.124
KPITTECH,5,26,0.055,-1.379,1.425,6.787,-5.263,42.308,30.769,0.118
JSWSTEEL,15,91,0.03,-0.842,2.688,7.237,-7.2,40.659,43.956,0.115
TATAPOWER,10,47,0.044,-1.081,2.045,11.077,-7.2,36.17,59.574,0.108
ABCAPITAL,10,104,0.034,-0.717,3.503,8.75,-7.2,30.769,57.692,0.106
ADANIENSOL,5,87,0.033,-2.19,2.877,18.746,-7.2,34.483,37.931,0.106
WIPRO,10,30,0.029,1.028,0.855,4.119,-7.2,63.333,30.0,0.099
SOLARINDS,5,36,0.052,-0.827,1.868,14.372,-3.873,30.556,41.667,0.095
IDEA,3,92,0.028,-0.873,2.543,10.088,-7.2,35.87,35.87,0.095
HCLTECH,3,68,0.023,-0.232,1.59,4.104,-2.897,47.059,17.647,0.091
ANGELONE,3,38,0.032,-0.424,1.223,6.046,-4.183,42.105,31.579,0.084
IDEA,10,83,0.032,-1.398,2.652,16.411,-7.2,28.916,65.06,0.084
SUNPHARMA,5,85,0.02,-0.642,1.66,5.122,-2.721,45.882,40.0,0.083
MARUTI,3,54,0.022,-0.818,1.174,4.04,-2.851,38.889,27.778,0.062
HEROMOTOCO,5,54,0.007,-0.646,0.368,2.874,-3.438,42.593,33.333,0.021
SBICARD,10,17,0.0,-0.313,0.002,6.225,-3.53,41.176,41.176,0.0
VEDL,3,120,-0.0,-0.374,-0.007,9.734,-7.2,45.0,36.667,-0.0
HDFCBANK,5,10,-0.897,-0.692,-8.965,-0.402,-1.496,0.0,100.0,-0.0
HDFCBANK,10,10,-0.897,-0.692,-8.965,-0.402,-1.496,0.0,100.0,-0.0
HDFCBANK,15,10,-0.897,-0.692,-8.965,-0.402,-1.496,0.0,100.0,-0.0
ICICIBANK,15,13,-1.378,-1.264,-17.916,-0.359,-3.169,0.0,69.231,-0.0
INDHOTEL,10,27,-1.463,-1.398,-39.513,-0.354,-2.849,0.0,92.593,-0.0
INDHOTEL,15,26,-1.545,-1.398,-40.175,-0.354,-3.514,0.0,100.0,-0.0
PIIND,3,12,-1.591,-1.5,-19.09,-0.014,-3.472,0.0,41.667,-0.0
OBEROIRLTY,15,23,-1.632,-1.336,-37.537,-0.432,-4.332,0.0,95.652,-0.0
MPHASIS,5,23,-1.64,-1.299,-37.719,-0.27,-7.2,0.0,78.261,-0.0
DABUR,3,30,-1.751,-1.252,-52.526,-0.52,-4.607,0.0,80.0,-0.0
BRITANNIA,5,21,-1.877,-1.535,-39.416,-0.653,-4.237,0.0,76.19,-0.0
SHREECEM,5,15,-1.905,-1.62,-28.57,-0.382,-3.776,0.0,73.333,-0.0
DABUR,5,30,-2.06,-1.31,-61.809,-0.52,-4.607,0.0,83.333,-0.0
LICI,5,18,-2.081,-1.56,-37.467,-0.402,-7.2,0.0,38.889,-0.0
BRITANNIA,10,21,-2.107,-1.709,-44.241,-0.653,-4.569,0.0,85.714,-0.0
HINDUNILVR,5,15,-2.14,-2.082,-32.106,-0.563,-4.964,0.0,53.333,-0.0
DABUR,10,30,-2.228,-1.31,-66.836,-0.52,-4.939,0.0,100.0,-0.0
DABUR,15,30,-2.228,-1.31,-66.836,-0.52,-4.939,0.0,100.0,-0.0
DIXON,15,23,-2.244,-1.747,-51.618,-0.582,-7.2,0.0,100.0,-0.0
SHREECEM,10,15,-2.396,-2.506,-35.94,-0.382,-3.776,0.0,86.667,-0.0
BAJAJFINSV,10,25,-2.451,-3.426,-61.287,-0.281,-3.719,0.0,88.0,-0.0
LODHA,5,15,-2.465,-2.288,-36.971,-0.124,-4.572,0.0,66.667,-0.0
MPHASIS,10,19,-2.472,-1.359,-46.976,-0.273,-7.2,0.0,84.211,-0.0
BRITANNIA,15,21,-2.589,-1.709,-54.372,-0.653,-7.2,0.0,100.0,-0.0
IREDA,5,13,-2.605,-2.797,-33.871,-0.755,-4.871,0.0,92.308,-0.0
HDFCAMC,15,26,-2.613,-2.43,-67.93,-0.375,-5.826,0.0,100.0,-0.0
EXIDEIND,10,20,-2.642,-2.233,-52.848,-0.32,-5.762,0.0,75.0,-0.0
HINDUNILVR,15,15,-2.673,-2.7,-40.093,-0.563,-4.898,0.0,80.0,-0.0
IREDA,10,13,-2.778,-2.797,-36.117,-0.755,-4.871,0.0,100.0,-0.0
IREDA,15,13,-2.778,-2.797,-36.117,-0.755,-4.871,0.0,100.0,-0.0
TATAMOTORS,10,17,-2.848,-3.2,-48.414,-0.924,-3.807,0.0,100.0,-0.0
DLF,10,10,-2.904,-2.971,-29.042,-1.04,-4.758,0.0,70.0,-0.0
EXIDEIND,15,19,-2.935,-2.903,-55.757,-1.003,-6.523,0.0,89.474,-0.0
BAJAJHLDNG,5,10,-2.938,-1.895,-29.377,-0.048,-7.2,0.0,60.0,-0.0
MPHASIS,15,19,-2.952,-1.359,-56.092,-0.273,-7.2,0.0,100.0,-0.0
LICI,10,18,-3.007,-3.315,-54.135,-0.402,-7.2,0.0,100.0,-0.0
LICI,15,18,-3.007,-3.315,-54.135,-0.402,-7.2,0.0,100.0,-0.0
MAZDOCK,10,13,-3.008,-3.835,-39.102,-0.412,-6.472,0.0,76.923,-0.0
POLICYBZR,10,30,-3.03,-2.568,-90.895,-0.508,-7.2,0.0,90.0,-0.0
SUZLON,15,13,-3.03,-2.335,-39.388,-0.462,-7.2,0.0,100.0,-0.0
KPITTECH,15,26,-3.064,-2.448,-79.675,-0.18,-7.2,0.0,84.615,-0.0
VOLTAS,15,31,-3.155,-2.423,-97.793,-0.63,-7.2,0.0,90.323,-0.0
KAYNES,10,24,-3.165,-2.528,-75.951,-0.711,-7.2,0.0,91.667,-0.0
TATAMOTORS,15,11,-3.186,-3.485,-35.041,-1.271,-3.807,0.0,100.0,-0.0
DALBHARAT,10,16,-3.252,-3.18,-52.024,-1.189,-5.349,0.0,100.0,-0.0
DALBHARAT,15,16,-3.252,-3.18,-52.024,-1.189,-5.349,0.0,100.0,-0.0
CDSL,10,18,-3.296,-1.822,-59.322,-0.791,-7.2,0.0,66.667,-0.0
POLICYBZR,15,30,-3.297,-2.914,-98.925,-0.508,-7.2,0.0,100.0,-0.0
KAYNES,15,24,-3.316,-2.528,-79.59,-0.711,-7.2,0.0,100.0,-0.0
PRESTIGE,10,19,-3.356,-3.442,-63.758,-0.469,-7.2,0.0,78.947,-0.0
LODHA,10,13,-3.369,-2.288,-43.799,-1.766,-5.495,0.0,76.923,-0.0
BDL,10,13,-3.376,-2.351,-43.894,-1.412,-7.2,0.0,92.308,-0.0
SIEMENS,15,28,-3.495,-3.321,-97.871,-0.515,-7.2,0.0,100.0,-0.0
PRESTIGE,15,19,-3.509,-3.334,-66.678,-0.469,-7.2,0.0,89.474,-0.0
PIIND,15,12,-3.659,-3.714,-43.909,-1.232,-7.2,0.0,100.0,-0.0
BDL,15,13,-3.742,-2.351,-48.64,-1.412,-7.2,0.0,100.0,-0.0
LODHA,15,13,-3.763,-2.288,-48.913,-1.766,-7.2,0.0,100.0,-0.0
MANKIND,15,14,-3.834,-3.733,-53.677,-0.292,-7.2,0.0,92.857,-0.0
CONCOR,15,10,-3.879,-2.882,-38.787,-0.583,-7.2,0.0,100.0,-0.0
DLF,15,10,-3.971,-2.971,-39.71,-1.04,-7.2,0.0,100.0,-0.0
BAJAJHLDNG,10,10,-4.002,-3.006,-40.015,-0.627,-7.2,0.0,90.0,-0.0
RVNL,5,13,-4.09,-3.789,-53.168,-0.403,-7.2,0.0,92.308,-0.0
BAJAJHLDNG,15,10,-4.122,-3.609,-41.22,-0.627,-7.2,0.0,100.0,-0.0
WAAREEENER,15,14,-4.166,-3.927,-58.326,-1.177,-7.2,0.0,100.0,-0.0
PGEL,15,18,-4.171,-3.753,-75.073,-0.794,-7.2,0.0,100.0,-0.0
RVNL,10,13,-4.173,-3.789,-54.249,-0.48,-7.2,0.0,100.0,-0.0
RVNL,15,13,-4.173,-3.789,-54.249,-0.48,-7.2,0.0,100.0,-0.0
MAZDOCK,15,13,-4.367,-4.082,-56.769,-0.606,-7.2,0.0,100.0,-0.0
CROMPTON,10,21,-4.548,-3.957,-95.514,-1.816,-7.2,0.0,76.19,-0.0
CROMPTON,15,21,-5.141,-7.2,-107.963,-1.816,-7.2,0.0,100.0,-0.0
POLYCAB,15,66,-0.004,-1.288,-0.273,13.508,-7.2,37.879,62.121,-0.013
INDIGO,3,12,-0.013,0.213,-0.15,1.012,-1.75,50.0,41.667,-0.022
AUROPHARMA,3,73,-0.007,0.002,-0.517,4.658,-3.6,50.685,31.507,-0.031
GMRAIRPORT,10,70,-0.017,-0.983,-1.215,11.884,-7.2,27.143,64.286,-0.039
ADANIGREEN,5,40,-0.018,-1.263,-0.713,10.326,-7.2,37.5,37.5,-0.042
MUTHOOTFIN,15,70,-0.018,-1.098,-1.293,11.324,-7.2,31.429,61.429,-0.049
SUNPHARMA,10,85,-0.013,-0.642,-1.145,4.053,-4.55,44.706,47.059,-0.056
RELIANCE,15,53,-0.026,-0.476,-1.375,3.58,-3.665,32.075,56.604,-0.061
TATAPOWER,5,47,-0.031,-0.739,-1.458,5.717,-5.837,38.298,46.809,-0.081
BOSCHLTD,5,14,-0.039,0.72,-0.545,3.094,-3.723,57.143,14.286,-0.083
MANAPPURAM,5,67,-0.026,-1.224,-1.735,9.266,-7.2,41.791,44.776,-0.089
HINDZINC,3,100,-0.026,-0.387,-2.616,5.892,-5.544,41.0,35.0,-0.107
CANBK,3,102,-0.026,-0.465,-2.655,6.049,-5.263,42.157,32.353,-0.111
LTIM,3,64,-0.034,-0.325,-2.165,3.78,-4.131,46.875,35.938,-0.127
NUVAMA,5,48,-0.079,-1.185,-3.808,21.946,-7.2,35.417,52.083,-0.195
SUPREMEIND,15,27,-0.122,-0.774,-3.301,8.053,-7.2,33.333,66.667,-0.212
HEROMOTOCO,3,54,-0.063,-0.189,-3.415,2.884,-3.192,46.296,33.333,-0.215
BANKINDIA,3,103,-0.053,-0.614,-5.51,10.148,-3.907,41.748,41.748,-0.227
GMRAIRPORT,5,75,-0.079,-0.62,-5.922,8.847,-7.2,36.0,56.0,-0.246
GODREJCP,5,27,-0.081,0.128,-2.186,2.925,-5.904,59.259,25.926,-0.249
TORNTPHARM,15,65,-0.104,-0.88,-6.731,9.453,-7.2,30.769,66.154,-0.257
PRESTIGE,3,25,-0.163,-0.469,-4.076,7.326,-2.754,32.0,16.0,-0.261
M&M,3,43,-0.106,-0.576,-4.546,5.078,-3.077,39.535,37.209,-0.274
WIPRO,3,30,-0.121,-0.308,-3.63,4.199,-5.14,43.333,13.333,-0.287
ICICIGI,10,22,-1.352,-1.177,-29.75,1.568,-3.551,4.545,86.364,-0.288
HINDPETRO,3,48,-0.14,-0.994,-6.724,5.32,-3.486,31.25,50.0,-0.303
GMRAIRPORT,15,61,-0.158,-0.983,-9.637,13.721,-7.2,24.59,75.41,-0.303
LICHSGFIN,10,10,-0.959,-1.549,-9.591,7.447,-3.2,10.0,90.0,-0.303
WIPRO,5,30,-0.122,-0.062,-3.661,3.976,-5.597,46.667,13.333,-0.312
MANAPPURAM,3,67,-0.092,-0.282,-6.137,6.954,-6.421,41.791,34.328,-0.313
OBEROIRLTY,10,23,-1.542,-1.336,-35.475,0.563,-4.332,4.348,95.652,-0.322
NYKAA,10,65,-2.606,-2.62,-169.4,1.523,-7.2,1.538,73.846,-0.323
MOTILALOFS,5,22,-0.323,-1.114,-7.113,15.546,-5.413,22.727,31.818,-0.345
HDFCBANK,3,10,-0.549,-0.692,-5.488,0.11,-1.067,20.0,60.0,-0.347
NTPC,15,71,-0.16,-1.166,-11.364,8.631,-7.2,26.761,63.38,-0.361
ASIANPAINT,3,56,-0.143,-0.406,-7.987,5.768,-3.259,33.929,26.786,-0.362
BLUESTARCO,10,35,-0.168,-0.447,-5.874,11.251,-7.2,37.143,45.714,-0.369
FEDERALBNK,3,175,-0.063,-0.217,-11.007,5.788,-4.824,45.143,36.571,-0.376
PAGEIND,3,25,-0.485,-0.755,-12.122,4.161,-3.618,16.0,40.0,-0.388
LODHA,3,15,-1.52,-1.058,-22.804,2.888,-4.572,6.667,46.667,-0.393
SBILIFE,3,44,-0.247,-0.305,-10.852,2.515,-1.925,25.0,18.182,-0.409
HINDPETRO,5,45,-0.188,-0.786,-8.464,7.282,-3.572,33.333,53.333,-0.421
RELIANCE,10,53,-0.192,-0.577,-10.196,3.424,-3.665,30.189,56.604,-0.423
APOLLOHOSP,3,62,-0.146,-0.331,-9.069,5.334,-2.532,37.097,33.871,-0.427
GODREJPROP,10,17,-0.44,-1.205,-7.481,11.587,-7.2,23.529,64.706,-0.427
DIXON,10,23,-2.101,-1.747,-48.333,1.036,-7.2,4.348,95.652,-0.438
LICHSGFIN,3,10,-1.39,-1.549,-13.902,3.136,-3.2,10.0,90.0,-0.44
HDFCAMC,10,26,-2.288,-2.254,-59.483,0.06,-5.826,3.846,76.923,-0.449
DRREDDY,10,46,-1.556,-1.047,-71.559,1.74,-7.2,4.348,67.391,-0.459
HINDPETRO,10,42,-0.271,-1.042,-11.387,7.293,-3.878,26.19,61.905,-0.46
MOTHERSON,10,79,-0.144,-1.348,-11.367,11.934,-7.2,36.709,51.899,-0.469
LICHSGFIN,5,10,-1.485,-1.549,-14.849,2.19,-3.2,10.0,90.0,-0.47
RELIANCE,3,53,-0.23,-0.476,-12.17,2.616,-2.889,28.302,43.396,-0.473
ICICIPRULI,5,26,-0.268,-0.55,-6.976,4.269,-3.624,34.615,26.923,-0.474
MOTHERSON,15,77,-0.156,-0.804,-12.005,13.43,-7.2,35.065,59.74,-0.48
CAMS,5,19,-1.047,-1.494,-19.887,6.447,-4.495,10.526,78.947,-0.48
OBEROIRLTY,3,23,-0.582,-0.924,-13.384,4.219,-2.214,17.391,56.522,-0.485
SRF,10,29,-2.614,-3.203,-75.797,0.304,-4.4,3.448,89.655,-0.485
DIVISLAB,10,28,-2.623,-2.426,-73.455,2.604,-5.184,3.571,71.429,-0.496
BHARTIARTL,15,60,-0.26,-1.422,-15.585,8.696,-3.897,25.0,68.333,-0.503
HEROMOTOCO,15,54,-0.221,-0.909,-11.926,5.762,-3.46,31.481,53.704,-0.511
TECHM,3,52,-0.251,-0.48,-13.034,5.491,-4.807,28.846,44.231,-0.521
GODREJCP,10,27,-0.226,-0.045,-6.097,4.437,-7.2,44.444,40.741,-0.522
UNITDSPR,10,21,-0.266,-0.34,-5.577,2.207,-2.971,42.857,38.095,-0.522
LICHSGFIN,15,10,-1.695,-1.549,-16.953,0.085,-3.2,10.0,90.0,-0.536
INFY,3,42,-0.322,-0.531,-13.518,3.729,-2.583,26.19,33.333,-0.546
SUPREMEIND,10,27,-0.356,-0.774,-9.616,6.112,-7.2,29.63,62.963,-0.548
SHREECEM,3,15,-1.062,-1.002,-15.935,1.114,-2.506,13.333,53.333,-0.549
TMPV,10,34,-0.293,-0.915,-9.974,10.814,-7.2,32.353,64.706,-0.553
EICHERMOT,10,82,-0.191,-0.649,-15.668,7.173,-7.2,32.927,54.878,-0.57
ICICIGI,5,22,-1.338,-1.177,-29.446,1.261,-3.551,9.091,86.364,-0.571
PETRONET,3,42,-0.265,-1.2,-11.126,4.477,-5.563,33.333,45.238,-0.572
TORNTPHARM,10,65,-0.26,-0.88,-16.924,8.728,-5.172,27.692,61.538,-0.581
BAJAJFINSV,3,25,-0.584,-0.609,-14.59,3.585,-3.186,20.0,32.0,-0.584
DIXON,3,29,-0.789,-1.12,-22.884,5.943,-4.275,13.793,51.724,-0.586
UPL,10,42,-1.266,-1.524,-53.179,6.712,-7.2,7.143,71.429,-0.586
DIVISLAB,15,26,-2.999,-2.39,-77.967,1.18,-7.2,3.846,84.615,-0.588
BIOCON,10,39,-1.856,-1.576,-72.382,11.334,-5.86,5.128,76.923,-0.594
POWERGRID,5,54,-0.209,-1.021,-11.285,6.384,-4.787,38.889,46.296,-0.597
AMBER,10,34,-3.502,-3.11,-119.071,0.1,-7.2,2.941,88.235,-0.601
GODREJPROP,15,17,-2.497,-3.212,-42.447,5.899,-7.2,5.882,76.471,-0.606
EICHERMOT,5,84,-0.174,-0.602,-14.639,5.232,-3.553,38.095,47.619,-0.608
ICICIGI,15,22,-1.433,-1.328,-31.528,0.808,-3.551,9.091,86.364,-0.611
TECHM,5,52,-0.317,-0.434,-16.488,9.412,-4.807,26.923,44.231,-0.616
PIIND,5,12,-2.153,-2.403,-25.835,1.284,-4.353,8.333,75.0,-0.621
ANGELONE,5,34,-0.302,-0.776,-10.269,5.33,-7.2,35.294,44.118,-0.622
ICICIPRULI,3,26,-0.457,-0.341,-11.883,2.729,-3.624,26.923,26.923,-0.627
MFSL,3,42,-1.364,-1.437,-57.298,3.753,-4.002,7.143,59.524,-0.632
NHPC,3,25,-0.352,-0.339,-8.797,3.615,-4.951,36.0,56.0,-0.633
DRREDDY,15,46,-2.158,-2.008,-99.257,0.434,-7.2,4.348,91.304,-0.636
TCS,5,23,-0.339,-0.578,-7.802,3.058,-2.12,39.13,21.739,-0.637
BRITANNIA,3,21,-1.482,-1.356,-31.131,0.318,-3.636,9.524,61.905,-0.647
ADANIGREEN,3,41,-0.32,-1.332,-13.114,7.686,-7.2,31.707,34.146,-0.649
MOTILALOFS,15,15,-0.504,-2.717,-7.558,9.299,-7.2,33.333,66.667,-0.651
BANKBARODA,3,82,-0.156,-0.526,-12.818,3.717,-3.697,46.341,28.049,-0.656
IREDA,3,13,-2.371,-2.797,-30.82,0.527,-4.372,7.692,69.231,-0.658
SUZLON,10,15,-2.554,-1.904,-38.31,1.785,-7.2,6.667,93.333,-0.659
POLYCAB,10,72,-0.208,-1.026,-14.972,9.426,-7.2,37.5,56.944,-0.662
INDUSTOWER,10,83,-0.242,-1.064,-20.114,7.355,-7.2,30.12,57.831,-0.665
NTPC,5,71,-0.244,-0.918,-17.347,5.627,-3.787,32.394,52.113,-0.667
BHARTIARTL,3,60,-0.207,-0.28,-12.418,4.346,-3.897,41.667,40.0,-0.668
TMPV,3,36,-0.309,-0.805,-11.131,9.304,-5.198,36.111,52.778,-0.67
PAGEIND,10,25,-1.681,-1.009,-42.02,3.567,-7.2,8.0,76.0,-0.672
PIDILITIND,3,30,-0.411,-0.672,-12.319,3.201,-2.288,30.0,26.667,-0.675
ASIANPAINT,5,54,-0.296,-0.818,-15.986,10.994,-3.299,31.481,29.63,-0.685
AXISBANK,5,96,-0.161,-0.475,-15.417,3.625,-3.263,43.75,31.25,-0.688
SBILIFE,5,44,-0.419,-0.4,-18.418,1.883,-3.278,25.0,25.0,-0.694
ICICIBANK,10,13,-0.633,-1.2,-8.23,1.278,-3.169,30.769,53.846,-0.702
SBICARD,5,17,-0.492,-0.313,-8.369,5.195,-3.34,35.294,29.412,-0.716
BAJAJHLDNG,3,10,-2.279,-1.895,-22.792,0.768,-4.264,10.0,50.0,-0.721
BANDHANBNK,3,67,-0.219,-0.505,-14.706,7.403,-7.2,40.299,28.358,-0.724
CONCOR,5,10,-1.152,-1.528,-11.517,4.756,-5.041,20.0,40.0,-0.728
BOSCHLTD,3,18,-0.344,0.064,-6.184,3.133,-3.387,50.0,11.111,-0.729
WAAREEENER,5,14,-0.911,-2.56,-12.754,9.645,-7.2,21.429,64.286,-0.73
MOTILALOFS,10,15,-2.838,-3.694,-42.573,10.468,-7.2,6.667,66.667,-0.733
UPL,3,42,-0.34,-0.812,-14.275,3.572,-3.301,33.333,47.619,-0.734
NHPC,10,25,-0.922,-0.452,-23.039,3.487,-4.951,16.0,64.0,-0.737
OBEROIRLTY,5,23,-0.886,-1.005,-20.38,2.654,-3.082,17.391,69.565,-0.739
KOTAKBANK,3,47,-0.318,-0.634,-14.938,4.917,-3.07,34.043,23.404,-0.742
SUPREMEIND,3,27,-0.972,-0.774,-26.242,3.228,-6.058,14.815,44.444,-0.748
CAMS,3,21,-1.713,-1.208,-35.968,1.228,-4.664,9.524,57.143,-0.748
ICICIBANK,5,13,-0.678,-1.2,-8.815,1.206,-3.169,30.769,53.846,-0.752
CAMS,10,19,-1.646,-1.461,-31.278,2.408,-7.2,10.526,84.211,-0.755
INFY,15,42,-0.35,-1.2,-14.694,7.624,-7.2,33.333,52.381,-0.756
GMRAIRPORT,3,79,-0.232,-0.62,-18.323,6.194,-4.062,36.709,41.772,-0.757
DRREDDY,3,46,-0.429,-0.445,-19.718,4.662,-2.87,26.087,43.478,-0.758
BDL,5,13,-2.744,-2.351,-35.673,5.767,-7.2,7.692,92.308,-0.761
360ONE,15,42,-2.469,-2.8,-103.701,4.773,-7.2,4.762,83.333,-0.762
PGEL,5,18,-3.232,-3.573,-58.179,2.03,-7.2,5.556,77.778,-0.762
TCS,3,23,-0.308,0.009,-7.082,1.688,-1.846,52.174,13.043,-0.77
DLF,3,17,-0.796,-1.551,-13.526,3.473,-2.971,23.529,35.294,-0.772
NAM-INDIA,3,24,-0.951,-1.092,-22.835,8.475,-7.2,16.667,29.167,-0.777
TATASTEEL,3,114,-0.186,-0.617,-21.224,6.47,-7.2,39.474,35.965,-0.785
BANDHANBNK,5,65,-0.218,-0.505,-14.194,7.787,-7.2,44.615,43.077,-0.785
ADANIPORTS,3,70,-0.469,-0.688,-32.857,5.733,-3.354,20.0,50.0,-0.785
MFSL,10,41,-2.528,-1.715,-103.643,0.591,-7.2,4.878,75.61,-0.79
NTPC,10,71,-0.29,-1.103,-20.571,5.217,-3.787,32.394,59.155,-0.791
INDUSTOWER,15,81,-0.274,-1.12,-22.217,7.046,-7.2,32.099,62.963,-0.792
INDUSINDBK,3,66,-0.306,-0.947,-20.217,9.079,-4.962,31.818,53.03,-0.792
HINDZINC,10,100,-0.241,-1.295,-24.069,10.86,-7.177,33.0,59.0,-0.794
PAYTM,15,35,-2.354,-1.956,-82.399,4.856,-7.2,5.714,82.857,-0.796
TECHM,10,51,-0.336,-0.319,-17.114,4.081,-4.807,33.333,54.902,-0.799
RBLBANK,15,80,-0.402,-1.646,-32.15,16.022,-7.2,22.5,70.0,-0.809
SUZLON,3,20,-1.809,-1.812,-36.185,6.145,-7.2,10.0,80.0,-0.809
BANKINDIA,10,103,-0.249,-1.137,-25.653,11.407,-7.2,32.039,66.019,-0.81
DIXON,5,26,-1.033,-1.224,-26.853,3.177,-3.2,15.385,69.231,-0.81
AXISBANK,3,96,-0.257,-0.454,-24.633,4.014,-3.88,32.292,31.25,-0.812
BHARTIARTL,10,60,-0.572,-1.122,-34.334,5.736,-3.897,18.333,60.0,-0.813
JINDALSTEL,15,57,-0.473,-1.395,-26.944,10.901,-7.2,22.807,66.667,-0.814
PAYTM,10,35,-2.412,-1.956,-84.437,1.992,-7.2,5.714,82.857,-0.816
MPHASIS,3,26,-2.09,-1.359,-54.342,3.014,-7.2,7.692,73.077,-0.82
ICICIBANK,3,13,-0.741,-1.2,-9.639,1.177,-3.169,30.769,46.154,-0.823
DIVISLAB,5,28,-2.201,-2.39,-61.616,1.157,-4.506,7.143,67.857,-0.832
BDL,3,13,-3.04,-2.351,-39.518,0.833,-7.2,7.692,84.615,-0.843
SBICARD,15,17,-0.581,-1.946,-9.877,6.157,-3.53,35.294,47.059,-0.845
NHPC,5,25,-0.605,-0.339,-15.119,2.615,-4.951,28.0,64.0,-0.847
PIIND,10,12,-2.941,-3.075,-35.291,1.418,-4.847,8.333,91.667,-0.849
CAMS,15,19,-1.853,-1.882,-35.199,1.813,-7.2,10.526,89.474,-0.85
LICI,3,18,-1.811,-1.505,-32.6,0.318,-7.2,11.111,38.889,-0.854
MARUTI,5,54,-0.372,-0.796,-20.069,4.134,-3.333,31.481,40.741,-0.86
BAJAJFINSV,5,25,-1.444,-1.721,-36.096,3.125,-3.515,12.0,52.0,-0.866
DELHIVERY,5,37,-2.64,-2.992,-97.663,0.672,-6.07,5.405,67.568,-0.868
PFC,3,50,-0.361,-1.177,-18.067,8.531,-5.637,34.0,46.0,-0.869
TMPV,5,36,-0.656,-0.886,-23.604,7.314,-7.2,22.222,61.111,-0.874
TITAN,15,74,-1.503,-1.472,-111.257,7.332,-5.006,6.757,89.189,-0.874
PETRONET,10,36,-1.318,-1.668,-47.463,4.73,-5.563,11.111,86.111,-0.879
PETRONET,15,36,-1.762,-1.672,-63.432,3.911,-7.2,8.333,91.667,-0.881
TATAMOTORS,5,17,-1.817,-1.297,-30.882,1.06,-3.583,11.765,58.824,-0.881
TIINDIA,5,46,-0.46,-1.085,-21.175,9.035,-7.2,28.261,52.174,-0.882
MUTHOOTFIN,10,70,-0.285,-1.047,-19.933,8.418,-7.2,37.143,61.429,-0.885
PREMIERENE,3,37,-0.361,-0.575,-13.373,7.544,-4.784,40.541,16.216,-0.891
HINDUNILVR,10,15,-1.739,-2.657,-26.092,1.902,-3.88,13.333,66.667,-0.898
OFSS,15,36,-0.45,-2.459,-16.194,14.384,-7.2,33.333,55.556,-0.9
UNITDSPR,5,21,-0.519,-0.481,-10.894,2.339,-3.589,38.095,38.095,-0.906
GAIL,10,30,-0.623,-0.325,-18.675,7.172,-3.936,26.667,50.0,-0.909
INFY,5,42,-0.454,-0.497,-19.065,5.4,-3.619,30.952,38.095,-0.911
MANKIND,10,14,-3.418,-3.733,-47.852,5.532,-7.2,7.143,92.857,-0.914
PREMIERENE,10,35,-0.458,-3.2,-16.013,12.567,-7.2,34.286,54.286,-0.928
SBILIFE,15,44,-1.542,-1.678,-67.867,3.123,-4.683,9.091,75.0,-0.93
DIVISLAB,3,28,-1.234,-1.004,-34.561,2.247,-4.292,14.286,35.714,-0.933
LT,15,89,-0.275,-0.944,-24.499,6.862,-7.2,35.955,52.809,-0.934
PETRONET,5,36,-0.431,-1.2,-15.528,4.593,-5.563,36.111,58.333,-0.935
SUPREMEIND,5,27,-0.699,-0.774,-18.876,2.172,-3.495,25.926,44.444,-0.942
TATAPOWER,3,47,-0.405,-0.429,-19.035,3.213,-5.837,34.043,44.681,-0.945
PRESTIGE,5,23,-0.908,-0.866,-20.885,5.616,-4.516,21.739,34.783,-0.947
HINDUNILVR,3,15,-1.231,-1.412,-18.465,1.363,-2.7,20.0,40.0,-0.954
BEL,3,82,-0.346,-0.986,-28.384,7.915,-7.2,30.488,46.341,-0.956
BHARTIARTL,5,60,-0.265,-0.2,-15.894,4.13,-3.897,46.667,48.333,-0.958
PFC,5,50,-0.426,-1.243,-21.314,11.836,-6.613,32.0,56.0,-0.965
CROMPTON,5,21,-2.214,-1.816,-46.484,0.786,-7.2,9.524,47.619,-0.966
GAIL,15,28,-0.642,-2.208,-17.989,5.8,-7.2,28.571,64.286,-0.971
DLF,5,14,-1.82,-2.059,-25.475,1.353,-3.47,14.286,42.857,-0.973
POWERGRID,3,54,-0.379,-0.581,-20.456,3.901,-4.787,35.185,42.593,-0.979
IOC,3,93,-0.243,-0.555,-22.555,6.832,-5.589,41.935,37.634,-0.981
ADANIPORTS,10,67,-1.008,-0.83,-67.564,5.441,-3.761,11.94,76.119,-0.986
PERSISTENT,3,48,-0.459,-1.004,-22.048,5.768,-5.068,31.25,41.667,-0.994
COFORGE,5,33,-0.441,-0.98,-14.552,4.626,-5.71,39.394,57.576,-0.998
EICHERMOT,15,80,-0.426,-0.895,-34.094,8.127,-7.2,26.25,61.25,-1.001
KAYNES,5,24,-2.456,-2.357,-58.947,2.307,-7.2,8.333,62.5,-1.003
GLENMARK,15,33,-1.923,-2.577,-63.473,10.511,-6.534,9.091,84.848,-1.004
NAM-INDIA,5,23,-0.691,-0.915,-15.892,4.373,-7.2,30.435,30.435,-1.009
KOTAKBANK,5,47,-0.331,-0.823,-15.566,4.593,-3.53,44.681,42.553,-1.014
TCS,10,23,-0.406,0.632,-9.336,2.7,-3.523,52.174,47.826,-1.016
PNBHOUSING,3,46,-0.531,-0.679,-24.428,5.392,-7.2,28.261,39.13,-1.018
AXISBANK,15,96,-0.277,-0.712,-26.628,5.855,-7.2,37.5,50.0,-1.019
SIEMENS,5,28,-1.8,-2.088,-50.413,6.295,-5.103,10.714,60.714,-1.021
EXIDEIND,5,23,-1.637,-1.954,-37.643,1.669,-4.572,13.043,78.261,-1.024
SHREECEM,15,15,-1.995,-2.018,-29.925,0.099,-3.776,13.333,86.667,-1.03
OIL,5,41,-0.735,-1.79,-30.135,16.516,-6.368,21.951,65.854,-1.033
CDSL,5,18,-2.196,-1.624,-39.533,0.63,-7.2,11.111,66.667,-1.035
WAAREEENER,10,14,-0.776,-2.56,-10.864,8.821,-7.2,35.714,64.286,-1.037
MANKIND,3,14,-1.942,-1.153,-27.195,0.43,-4.524,14.286,57.143,-1.038
NUVAMA,3,50,-0.433,-1.095,-21.633,12.392,-6.762,34.0,46.0,-1.04
APOLLOHOSP,5,59,-0.403,-0.331,-23.788,4.021,-4.014,33.898,40.678,-1.05
LT,10,89,-0.304,-0.944,-27.062,4.456,-7.2,37.079,43.82,-1.064
HDFCAMC,3,26,-0.91,-0.902,-23.656,2.91,-4.019,23.077,38.462,-1.071
DELHIVERY,15,37,-3.326,-3.293,-123.044,2.666,-7.2,5.405,89.189,-1.093
ADANIPORTS,15,65,-0.735,-1.039,-47.763,7.557,-3.761,18.462,75.385,-1.094
GAIL,3,40,-0.577,-1.148,-23.084,5.237,-3.275,30.0,25.0,-1.095
SIEMENS,10,28,-2.898,-3.217,-81.14,3.38,-7.2,7.143,89.286,-1.095
PERSISTENT,15,48,-0.845,-1.823,-40.568,9.543,-7.2,18.75,77.083,-1.098
RELIANCE,5,53,-0.402,-0.476,-21.302,2.408,-3.665,37.736,52.83,-1.104
BAJFINANCE,10,51,-0.657,-1.435,-33.499,7.156,-7.2,23.529,58.824,-1.104
SUZLON,5,18,-2.351,-2.262,-42.318,2.917,-7.2,11.111,88.889,-1.108
COLPAL,10,10,-3.514,-2.284,-35.136,1.674,-7.2,10.0,80.0,-1.111
GRASIM,15,50,-1.127,-1.841,-56.368,9.024,-7.2,14.0,86.0,-1.116
COLPAL,15,10,-3.529,-2.802,-35.295,2.551,-7.2,10.0,90.0,-1.116
OIL,3,41,-1.43,-2.122,-58.63,18.133,-6.368,12.195,60.976,-1.117
CONCOR,3,10,-1.181,-1.056,-11.812,2.685,-4.368,30.0,40.0,-1.121
GLENMARK,10,33,-1.61,-1.842,-53.116,7.23,-6.534,12.121,75.758,-1.121
EXIDEIND,3,24,-1.378,-1.261,-33.079,2.388,-4.572,16.667,62.5,-1.125
PAGEIND,5,25,-1.408,-0.939,-35.191,2.667,-6.126,16.0,40.0,-1.126
VOLTAS,3,31,-0.789,-0.721,-24.446,1.509,-3.426,25.806,38.71,-1.133
CDSL,3,18,-2.424,-1.864,-43.629,1.761,-7.2,11.111,44.444,-1.143
COLPAL,5,10,-3.619,-2.177,-36.194,0.328,-7.2,10.0,80.0,-1.145
SRF,5,32,-2.181,-2.406,-69.799,1.123,-4.4,9.375,81.25,-1.157
M&M,5,43,-0.76,-0.601,-32.667,2.212,-4.843,23.256,41.86,-1.159
SIEMENS,3,28,-1.037,-1.499,-29.027,4.183,-5.033,21.429,35.714,-1.175
ANGELONE,15,31,-2.209,-3.078,-68.482,5.837,-7.2,9.677,80.645,-1.19
ULTRACEMCO,15,35,-0.704,-1.905,-24.654,6.074,-3.422,28.571,65.714,-1.191
HUDCO,3,27,-0.884,-0.908,-23.869,2.833,-4.289,25.926,44.444,-1.191
NESTLEIND,10,41,-1.53,-1.348,-62.747,3.376,-6.114,12.195,56.098,-1.195
BPCL,10,67,-0.816,-1.917,-54.647,9.685,-4.506,17.91,67.164,-1.196
NHPC,15,25,-1.995,-0.452,-49.871,0.392,-5.666,12.0,80.0,-1.197
UNITDSPR,15,21,-0.55,-0.481,-11.558,1.876,-4.256,47.619,42.857,-1.201
PERSISTENT,10,48,-0.761,-1.641,-36.532,8.567,-5.338,22.917,62.5,-1.208
ADANIPORTS,5,69,-0.837,-0.716,-57.762,6.08,-3.761,17.391,65.217,-1.209
MANKIND,5,14,-2.27,-3.267,-31.777,3.35,-4.524,14.286,57.143,-1.213
BAJFINANCE,5,51,-0.456,-1.239,-23.281,4.48,-7.2,37.255,47.059,-1.214
ULTRACEMCO,3,35,-0.554,-1.148,-19.384,2.968,-3.122,37.143,42.857,-1.217
POWERGRID,10,54,-0.814,-1.284,-43.97,6.784,-4.787,20.37,64.815,-1.219
INDUSINDBK,15,55,-1.011,-1.471,-55.588,9.427,-7.2,16.364,70.909,-1.227
ULTRACEMCO,10,35,-0.729,-1.905,-25.523,5.75,-3.157,28.571,62.857,-1.233
ICICIGI,3,22,-1.161,-1.328,-25.544,1.508,-3.551,22.727,72.727,-1.238
BPCL,15,67,-1.285,-2.142,-86.109,10.422,-4.95,11.94,82.09,-1.256
KOTAKBANK,15,40,-1.59,-1.898,-63.581,3.905,-3.806,12.5,82.5,-1.257
NESTLEIND,5,41,-0.806,-0.984,-33.033,4.025,-3.623,24.39,31.707,-1.258
KPITTECH,10,26,-2.146,-1.798,-55.789,3.231,-6.686,11.538,53.846,-1.262
UNOMINDA,10,30,-2.311,-1.678,-69.318,2.347,-7.188,10.0,73.333,-1.266
MUTHOOTFIN,3,70,-0.506,-0.828,-35.388,9.722,-7.2,30.0,38.571,-1.269
TITAN,3,74,-0.455,-0.808,-33.695,5.267,-4.126,32.432,50.0,-1.27
VEDL,5,120,-0.296,-0.687,-35.536,8.665,-7.2,39.167,47.5,-1.271
DALBHARAT,5,16,-2.545,-3.18,-40.721,2.76,-4.441,12.5,81.25,-1.273
INDUSINDBK,5,63,-0.566,-0.947,-35.647,10.194,-7.2,28.571,63.492,-1.283
UPL,5,42,-0.756,-1.245,-31.736,4.372,-3.301,26.19,61.905,-1.283
JSWENERGY,15,30,-3.515,-2.861,-105.453,8.593,-7.2,6.667,86.667,-1.284
NESTLEIND,3,41,-0.75,-0.802,-30.738,2.67,-3.623,26.829,24.39,-1.288
GRASIM,5,60,-1.248,-1.259,-74.88,3.371,-3.695,13.333,65.0,-1.289
VBL,3,57,-0.821,-0.982,-46.791,3.896,-3.576,21.053,50.877,-1.305
COALINDIA,3,62,-0.571,-0.977,-35.408,7.205,-6.03,29.032,25.806,-1.306
NESTLEIND,15,41,-2.09,-1.626,-85.683,0.752,-6.114,9.756,58.537,-1.306
PAYTM,5,35,-1.934,-1.405,-67.699,2.367,-7.2,11.429,71.429,-1.308
PAYTM,3,35,-1.292,-1.213,-45.228,1.657,-3.613,17.143,34.286,-1.311
BAJAJ-AUTO,10,61,-0.541,-0.804,-32.988,4.994,-3.64,31.148,47.541,-1.316
INDUSINDBK,10,58,-0.841,-1.53,-48.766,6.823,-7.2,20.69,70.69,-1.325
DALBHARAT,3,16,-2.66,-2.843,-42.562,0.216,-4.441,12.5,75.0,-1.33
TORNTPHARM,3,70,-0.66,-0.946,-46.234,5.125,-3.508,24.286,44.286,-1.342
PERSISTENT,5,48,-0.581,-0.867,-27.905,5.19,-5.068,33.333,47.917,-1.343
TATACONSUM,10,60,-1.742,-1.577,-104.523,1.773,-7.2,10.0,58.333,-1.349
TATAMOTORS,3,17,-1.408,-0.924,-23.944,0.542,-3.583,23.529,52.941,-1.366
HINDPETRO,15,42,-1.266,-1.2,-53.156,6.309,-6.092,16.667,66.667,-1.367
BAJAJFINSV,15,25,-2.279,-3.426,-56.981,1.154,-3.719,12.0,88.0,-1.368
PNB,3,86,-0.512,-0.944,-44.023,6.714,-5.26,29.07,45.349,-1.38
TMPV,15,29,-1.073,-0.944,-31.107,9.439,-7.2,24.138,75.862,-1.394
MAZDOCK,3,13,-1.676,-1.002,-21.793,1.876,-6.472,23.077,46.154,-1.395
TORNTPHARM,5,70,-0.618,-0.88,-43.248,4.051,-4.059,27.143,50.0,-1.403
FORTIS,3,63,-0.859,-0.86,-54.146,5.972,-4.314,20.635,49.206,-1.408
KOTAKBANK,10,40,-1.272,-1.684,-50.872,4.142,-3.806,17.5,65.0,-1.408
BIOCON,15,39,-2.2,-1.576,-85.781,3.876,-5.86,10.256,76.923,-1.409
SRF,3,32,-1.597,-1.84,-51.117,2.649,-3.54,15.625,59.375,-1.412
MUTHOOTFIN,5,70,-0.493,-0.887,-34.496,8.846,-7.2,34.286,51.429,-1.414
COFORGE,3,38,-0.873,-0.898,-33.176,5.045,-5.71,26.316,52.632,-1.416
TITAN,10,74,-1.223,-1.308,-90.524,8.649,-5.006,13.514,82.432,-1.422
POWERGRID,15,54,-1.162,-1.762,-62.733,6.301,-4.787,16.667,68.519,-1.423
SONACOMS,5,54,-1.047,-1.002,-56.528,4.019,-4.196,18.519,57.407,-1.425
SONACOMS,15,47,-1.635,-2.038,-76.822,4.593,-6.073,12.766,82.979,-1.431
TVSMOTOR,3,53,-0.521,-0.537,-27.626,3.521,-4.31,37.736,26.415,-1.432
MARUTI,10,54,-0.629,-1.162,-33.981,7.115,-7.2,31.481,55.556,-1.456
OIL,10,41,-1.166,-2.05,-47.791,13.587,-7.2,19.512,70.732,-1.456
PNBHOUSING,5,46,-0.994,-1.105,-45.747,6.434,-7.2,21.739,58.696,-1.466
DELHIVERY,3,37,-1.799,-1.888,-66.56,2.311,-5.048,13.514,54.054,-1.479
SRF,15,27,-2.564,-3.239,-69.236,2.036,-4.4,11.111,88.889,-1.481
SBILIFE,10,44,-0.709,-1.2,-31.18,2.249,-3.705,31.818,43.182,-1.496
APOLLOHOSP,15,46,-1.693,-1.482,-77.856,6.924,-7.2,13.043,86.957,-1.497
MANAPPURAM,15,66,-3.046,-2.667,-201.003,7.508,-7.2,6.061,86.364,-1.5
BEL,5,82,-0.619,-0.986,-50.763,6.96,-7.2,26.829,48.78,-1.504
GAIL,5,38,-0.773,-1.337,-29.356,5.446,-3.424,31.579,36.842,-1.504
JSWSTEEL,10,91,-0.463,-1.158,-42.154,4.868,-7.2,34.066,41.758,-1.505
GRASIM,10,55,-1.117,-1.503,-61.432,7.076,-7.2,18.182,81.818,-1.506
DELHIVERY,10,37,-3.055,-3.293,-113.038,4.079,-7.2,8.108,78.378,-1.507
VOLTAS,10,31,-2.825,-2.38,-87.586,1.686,-7.2,9.677,90.323,-1.522
BAJAJ-AUTO,15,61,-0.626,-1.483,-38.179,3.857,-4.283,31.148,54.098,-1.523
JINDALSTEL,3,57,-0.608,-1.011,-34.661,3.653,-3.619,33.333,52.632,-1.53
GLENMARK,3,33,-0.734,-1.234,-24.235,3.687,-4.069,36.364,45.455,-1.534
UPL,15,42,-1.244,-1.469,-52.231,4.441,-7.2,19.048,76.19,-1.535
ALKEM,10,50,-1.555,-1.529,-77.742,3.252,-5.958,14.0,60.0,-1.539
JINDALSTEL,10,57,-0.684,-1.264,-38.997,9.103,-7.2,29.825,64.912,-1.541
ETERNAL,15,34,-2.255,-2.43,-76.686,4.879,-6.099,11.765,82.353,-1.547
BAJAJ-AUTO,5,61,-0.549,-0.724,-33.517,4.364,-4.182,36.066,40.984,-1.548
BEL,15,82,-0.78,-1.045,-63.92,6.702,-7.2,21.951,64.634,-1.549
FORTIS,5,63,-1.121,-1.637,-70.606,7.104,-4.676,17.46,58.73,-1.553
AXISBANK,10,96,-0.449,-0.582,-43.067,6.896,-7.2,35.417,45.833,-1.557
TECHM,15,51,-0.799,-1.123,-40.734,5.984,-7.2,27.451,62.745,-1.566
TCS,15,23,-0.752,-1.591,-17.292,2.567,-3.824,43.478,47.826,-1.568
PGEL,10,18,-3.357,-3.573,-60.418,1.955,-7.2,11.111,88.889,-1.582
IOC,15,93,-1.699,-1.764,-158.035,9.045,-7.2,9.677,65.591,-1.586
APOLLOHOSP,10,52,-0.955,-0.892,-49.672,4.425,-5.357,23.077,61.538,-1.59
WAAREEENER,3,14,-1.193,-2.352,-16.696,6.323,-7.2,35.714,57.143,-1.594
SONACOMS,3,56,-0.797,-1.002,-44.637,4.111,-3.672,26.786,48.214,-1.598
M&M,10,43,-0.953,-1.193,-40.958,3.537,-4.521,25.581,55.814,-1.598
VBL,5,53,-0.732,-0.952,-38.816,3.81,-4.364,30.189,50.943,-1.61
JSWENERGY,5,30,-1.109,-1.737,-33.283,7.676,-7.2,26.667,43.333,-1.62
TATACONSUM,5,60,-1.26,-0.988,-75.591,2.445,-7.2,16.667,53.333,-1.626
PNBHOUSING,10,46,-1.106,-2.236,-50.881,8.584,-7.2,21.739,69.565,-1.631
DRREDDY,5,46,-0.74,-0.87,-34.029,2.546,-3.147,32.609,52.174,-1.636
ALKEM,15,50,-1.653,-1.615,-82.649,3.266,-5.958,14.0,60.0,-1.636
CDSL,15,18,-3.477,-2.02,-62.578,1.324,-7.2,11.111,88.889,-1.639
VOLTAS,5,31,-1.835,-1.874,-56.87,1.164,-7.2,16.129,64.516,-1.647
GRASIM,3,62,-0.928,-0.897,-57.542,3.423,-3.695,22.581,41.935,-1.65
MOTHERSON,5,83,-0.658,-1.326,-54.616,8.012,-7.2,27.711,42.169,-1.661
UNOMINDA,3,30,-0.911,-1.145,-27.34,2.826,-3.764,33.333,46.667,-1.664
FORTIS,15,55,-1.766,-2.035,-97.139,11.4,-7.2,12.727,78.182,-1.667
BPCL,3,67,-0.76,-1.2,-50.914,4.718,-4.506,26.866,46.269,-1.671
CONCOR,10,10,-2.651,-1.528,-26.515,2.219,-7.2,20.0,70.0,-1.677
AMBER,3,34,-0.576,-0.178,-19.596,9.918,-7.2,50.0,38.235,-1.68
ETERNAL,3,40,-0.626,-0.601,-25.058,3.769,-6.099,42.5,42.5,-1.684
HINDZINC,15,100,-0.602,-1.654,-60.177,12.49,-7.2,28.0,66.0,-1.685
ETERNAL,10,34,-1.965,-2.43,-66.823,3.123,-6.099,14.706,82.353,-1.685
TATASTEEL,15,114,-0.621,-1.529,-70.838,11.012,-7.2,25.439,74.561,-1.688
MFSL,5,42,-1.567,-1.684,-65.8,3.655,-4.766,16.667,59.524,-1.692
POLICYBZR,3,30,-1.548,-1.467,-46.433,3.234,-7.2,20.0,63.333,-1.696
UNOMINDA,15,30,-1.556,-1.39,-46.668,4.779,-7.188,20.0,73.333,-1.704
PFC,10,50,-1.346,-2.67,-67.321,12.322,-6.613,18.0,74.0,-1.714
LUPIN,3,81,-0.702,-0.787,-56.846,3.052,-3.495,27.16,38.272,-1.716
COFORGE,10,32,-1.213,-2.387,-38.82,11.119,-5.71,25.0,68.75,-1.716
TIINDIA,15,40,-1.356,-1.872,-54.25,8.791,-7.2,20.0,75.0,-1.716
GODREJCP,3,27,-0.595,0.617,-16.057,1.566,-5.904,55.556,25.926,-1.717
JSWSTEEL,5,96,-0.422,-0.683,-40.506,4.673,-4.569,41.667,37.5,-1.723
INDUSTOWER,5,83,-0.509,-1.064,-42.286,4.732,-7.2,37.349,51.807,-1.734
CHOLAFIN,10,51,-1.033,-1.881,-52.691,7.136,-7.2,23.529,76.471,-1.736
ULTRACEMCO,5,35,-1.287,-1.905,-45.033,2.378,-3.122,22.857,60.0,-1.74
SONACOMS,10,54,-1.163,-1.118,-62.816,5.098,-4.196,20.37,72.222,-1.741
GLENMARK,5,33,-1.002,-1.842,-33.07,3.657,-5.744,30.303,63.636,-1.744
RBLBANK,10,83,-0.692,-1.2,-57.455,11.346,-7.2,27.711,65.06,-1.748
BAJAJ-AUTO,3,61,-0.625,-0.791,-38.106,5.021,-3.632,36.066,34.426,-1.76
TITAN,5,74,-0.893,-1.215,-66.084,4.999,-5.006,22.973,70.27,-1.765
BIOCON,3,39,-0.851,-0.79,-33.179,3.189,-5.86,33.333,43.59,-1.771
POLICYBZR,5,30,-1.943,-1.69,-58.304,1.653,-7.2,16.667,70.0,-1.774
KEI,10,73,-1.096,-1.388,-80.038,7.598,-7.2,19.178,71.233,-1.797
TVSMOTOR,10,53,-1.309,-1.729,-69.352,4.874,-4.817,18.868,62.264,-1.797
CUMMINSIND,10,110,-0.473,-0.808,-52.034,7.409,-7.2,36.364,60.0,-1.804
BAJFINANCE,3,51,-0.759,-0.782,-38.713,3.321,-5.864,33.333,41.176,-1.807
KAYNES,3,24,-0.885,-0.938,-21.243,6.991,-7.2,41.667,45.833,-1.807
M&M,15,43,-1.696,-1.822,-72.934,1.618,-5.662,16.279,67.442,-1.811
CHOLAFIN,15,51,-1.083,-1.881,-55.216,10.067,-7.2,23.529,76.471,-1.819
TORNTPOWER,10,34,-2.122,-3.175,-72.135,11.705,-7.2,14.706,73.529,-1.819
NUVAMA,15,40,-1.644,-2.91,-65.775,10.671,-7.2,17.5,82.5,-1.82
CUMMINSIND,15,106,-0.608,-1.095,-64.437,7.539,-7.2,29.245,63.208,-1.83
TATACONSUM,3,60,-0.946,-0.744,-56.757,2.528,-7.2,25.0,48.333,-1.832
PAGEIND,15,25,-1.532,-0.939,-38.293,2.508,-7.2,24.0,76.0,-1.838
PNB,5,86,-0.658,-0.939,-56.568,3.553,-5.26,30.233,52.326,-1.844
BEL,10,82,-0.698,-0.984,-57.204,4.417,-7.2,29.268,58.537,-1.849
LT,3,94,-0.579,-0.454,-54.462,1.766,-7.2,32.979,27.66,-1.853
RVNL,3,13,-1.677,-2.563,-21.805,4.09,-4.455,30.769,46.154,-1.861
PNBHOUSING,15,46,-2.107,-3.106,-96.932,8.359,-7.2,13.043,86.957,-1.864
TVSMOTOR,15,53,-1.239,-1.831,-65.675,6.041,-4.817,20.755,67.925,-1.872
ALKEM,3,50,-0.885,-0.941,-44.248,1.83,-4.548,30.0,42.0,-1.877
ETERNAL,5,34,-1.369,-1.61,-46.552,3.176,-6.099,23.529,50.0,-1.878
BIOCON,5,39,-1.174,-1.326,-45.774,8.394,-5.86,25.641,69.231,-1.879
JSWSTEEL,3,96,-0.473,-0.812,-45.376,3.897,-2.797,40.625,33.333,-1.881
UNOMINDA,5,30,-1.472,-1.16,-44.172,2.163,-5.388,23.333,63.333,-1.882
MARUTI,15,54,-0.734,-0.877,-39.65,10.173,-7.2,35.185,59.259,-1.898
MOTHERSON,3,83,-0.598,-1.415,-49.623,5.335,-7.2,34.94,34.94,-1.903
TIINDIA,10,41,-1.234,-1.275,-50.6,10.737,-7.2,24.39,70.732,-1.927
COALINDIA,5,62,-1.268,-1.834,-78.606,6.991,-6.03,19.355,38.71,-1.932
TORNTPOWER,15,34,-2.816,-4.457,-95.74,16.755,-7.2,11.765,85.294,-1.932
HCLTECH,10,68,-0.593,-0.673,-40.301,8.4,-6.616,39.706,47.059,-1.941
HDFCAMC,5,26,-1.65,-0.987,-42.909,0.84,-5.826,23.077,69.231,-1.942
RBLBANK,5,86,-0.546,-1.136,-46.996,10.621,-7.2,38.372,53.488,-1.945
ONGC,3,91,-0.505,-0.546,-45.922,4.446,-5.103,40.659,21.978,-1.957
TATAPOWER,15,47,-1.346,-1.576,-63.28,6.607,-7.2,21.277,76.596,-1.964
NAM-INDIA,10,20,-1.1,-1.053,-21.996,6.081,-7.2,40.0,35.0,-1.967
GODREJCP,15,27,-0.734,0.334,-19.831,7.329,-7.2,51.852,48.148,-1.979
COLPAL,3,10,-3.156,-1.786,-31.565,0.443,-7.2,20.0,50.0,-1.996
360ONE,10,42,-1.86,-2.67,-78.116,4.888,-7.2,16.667,61.905,-2.009
IOC,10,93,-1.083,-1.671,-100.72,10.961,-7.2,19.355,64.516,-2.021
LT,5,92,-0.572,-0.749,-52.584,2.371,-7.2,36.957,35.87,-2.026
COALINDIA,10,62,-1.774,-2.672,-109.958,7.456,-6.03,14.516,67.742,-2.027
INDUSTOWER,3,83,-0.596,-1.094,-49.471,4.402,-4.333,37.349,39.759,-2.028
PREMIERENE,5,36,-0.871,-2.091,-31.343,8.416,-7.2,38.889,30.556,-2.031
NMDC,15,72,-2.464,-2.459,-177.374,3.592,-7.2,9.722,76.389,-2.032
INFY,10,42,-0.824,-0.781,-34.622,3.164,-7.2,38.095,47.619,-2.035
LUPIN,10,81,-1.033,-1.139,-83.663,6.033,-6.131,22.222,53.086,-2.066
NBCC,5,45,-1.271,-1.867,-57.184,8.914,-7.2,24.444,46.667,-2.084
RBLBANK,3,87,-0.608,-0.812,-52.928,7.962,-7.2,36.782,29.885,-2.087
SAIL,3,97,-0.709,-1.227,-68.768,5.232,-6.604,29.897,49.485,-2.087
OIL,15,39,-1.63,-1.984,-63.557,6.421,-7.2,20.513,74.359,-2.088
NMDC,3,72,-0.683,-0.865,-49.151,4.211,-4.392,36.111,40.278,-2.092
360ONE,5,43,-1.254,-1.17,-53.912,3.075,-7.2,25.581,48.837,-2.103
BPCL,5,67,-1.156,-1.324,-77.451,4.021,-4.506,22.388,55.224,-2.118
FORTIS,10,59,-1.358,-1.771,-80.152,9.754,-7.2,20.339,77.966,-2.122
KEI,15,73,-1.65,-1.912,-120.454,5.916,-7.2,15.068,82.192,-2.124
HUDCO,10,27,-2.216,-1.233,-59.839,1.888,-7.2,18.519,62.963,-2.133
CUMMINSIND,3,116,-0.526,-0.802,-60.99,11.029,-7.2,37.931,41.379,-2.148
360ONE,3,45,-1.11,-0.84,-49.942,3.276,-7.2,28.889,31.111,-2.151
MFSL,15,41,-2.759,-1.715,-113.128,0.769,-7.2,12.195,85.366,-2.155
ALKEM,5,50,-1.093,-1.061,-54.661,2.478,-5.958,28.0,48.0,-2.164
CHOLAFIN,3,51,-1.409,-1.86,-71.858,5.029,-6.026,21.569,62.745,-2.17
MANAPPURAM,10,66,-1.177,-2.214,-77.714,9.318,-7.2,22.727,69.697,-2.174
MAZDOCK,5,13,-1.121,0.805,-14.567,1.505,-6.472,53.846,46.154,-2.175
NUVAMA,10,43,-1.795,-2.866,-77.168,8.994,-7.2,18.605,74.419,-2.189
CUMMINSIND,5,112,-0.596,-0.706,-66.78,9.214,-7.2,34.821,46.429,-2.197
PNB,15,86,-1.072,-1.659,-92.215,6.899,-5.546,22.093,69.767,-2.197
SAIL,15,97,-2.004,-2.145,-194.396,13.749,-7.2,11.34,83.505,-2.238
HUDCO,5,27,-1.943,-1.72,-52.452,3.246,-7.2,22.222,55.556,-2.243
TVSMOTOR,5,53,-1.362,-1.514,-72.184,3.643,-4.817,22.642,58.491,-2.245
IOC,5,93,-0.749,-0.843,-69.67,8.994,-7.2,31.183,56.989,-2.253
MARICO,10,59,-2.168,-1.979,-127.941,5.645,-7.2,13.559,62.712,-2.259
SAIL,5,97,-1.237,-1.313,-119.971,6.354,-7.2,18.557,58.763,-2.26
NYKAA,15,65,-2.604,-3.056,-169.286,4.141,-7.2,10.769,83.077,-2.261
BLUESTARCO,15,35,-2.235,-1.14,-78.24,9.644,-7.2,17.143,74.286,-2.267
LUPIN,5,81,-0.852,-0.832,-69.028,5.402,-6.131,29.63,51.852,-2.273
AMBER,15,34,-3.374,-3.11,-114.706,1.703,-7.2,11.765,88.235,-2.314
COALINDIA,15,59,-1.78,-2.672,-104.995,6.546,-6.03,16.949,74.576,-2.317
HAL,10,29,-1.405,-1.228,-40.743,5.883,-7.2,31.034,65.517,-2.348
VBL,15,48,-1.816,-1.96,-87.153,3.567,-7.2,18.75,77.083,-2.359
PNB,10,86,-0.878,-1.192,-75.509,4.553,-5.26,29.07,62.791,-2.367
TATASTEEL,10,114,-0.744,-1.267,-84.83,10.618,-7.2,29.825,64.912,-2.37
JINDALSTEL,5,57,-0.996,-1.218,-56.768,5.277,-4.964,31.579,56.14,-2.374
NBCC,15,42,-1.542,-3.234,-64.754,12.007,-7.2,23.81,76.19,-2.379
HCLTECH,15,68,-0.859,-1.177,-58.385,7.318,-7.2,33.824,60.294,-2.395
PGEL,3,18,-1.275,-0.851,-22.95,1.906,-7.2,44.444,38.889,-2.404
NBCC,3,48,-1.113,-1.347,-53.412,4.276,-7.2,31.25,41.667,-2.409
NYKAA,5,68,-1.248,-1.624,-84.841,9.151,-4.962,23.529,47.059,-2.421
CROMPTON,3,21,-1.6,-2.875,-33.594,1.768,-5.302,33.333,23.81,-2.444
LUPIN,15,81,-1.47,-1.553,-119.064,4.382,-6.328,18.519,66.667,-2.45
ONGC,5,91,-0.618,-0.365,-56.204,6.229,-7.2,41.758,31.868,-2.46
HAL,15,29,-2.217,-1.641,-64.299,2.164,-7.2,20.69,79.31,-2.47
JSWENERGY,10,30,-1.964,-2.167,-58.911,11.084,-7.2,23.333,63.333,-2.51
MARICO,5,59,-1.218,-1.598,-71.836,4.415,-5.263,27.119,32.203,-2.536
COFORGE,15,29,-1.954,-2.387,-56.663,3.243,-5.71,24.138,65.517,-2.54
NMDC,10,72,-2.176,-2.374,-156.649,5.804,-7.2,13.889,68.056,-2.564
HUDCO,15,27,-2.242,-1.677,-60.527,3.384,-7.2,22.222,77.778,-2.589
MARICO,3,59,-1.171,-0.91,-69.102,2.694,-5.263,28.814,18.644,-2.592
VBL,10,50,-1.414,-1.953,-70.701,4.585,-7.2,26.0,68.0,-2.6
PFC,15,50,-1.42,-2.368,-71.017,9.008,-6.613,26.0,74.0,-2.611
NYKAA,3,72,-1.167,-1.2,-83.995,2.566,-4.962,26.389,30.556,-2.612
ANGELONE,10,31,-1.822,-1.376,-56.473,5.09,-7.2,25.806,74.194,-2.618
TATACONSUM,15,60,-1.561,-1.641,-93.68,4.395,-7.2,21.667,63.333,-2.62
NBCC,10,42,-2.139,-3.216,-89.819,7.931,-7.2,19.048,73.81,-2.64
BAJFINANCE,15,51,-1.007,-1.36,-51.36,6.129,-7.2,37.255,58.824,-2.679
AMBER,5,34,-1.563,-1.061,-53.152,6.145,-7.2,29.412,44.118,-2.681
SAIL,10,97,-1.773,-1.529,-171.952,6.995,-7.2,15.464,74.227,-2.7
MARICO,15,59,-2.598,-3.312,-153.258,1.894,-7.2,13.559,71.186,-2.705
TORNTPOWER,3,34,-1.225,-2.103,-41.648,7.489,-7.2,38.235,41.176,-2.731
NMDC,5,72,-1.475,-1.923,-106.17,5.222,-6.193,22.222,55.556,-2.78
TORNTPOWER,5,34,-1.675,-2.775,-56.934,9.134,-7.2,29.412,50.0,-2.872
CHOLAFIN,5,51,-1.76,-1.881,-89.775,2.543,-7.2,23.529,72.549,-2.958
TATASTEEL,5,114,-0.974,-1.053,-110.983,8.639,-7.2,30.702,53.509,-3.191
JSWENERGY,3,32,-1.545,-1.464,-49.453,2.875,-7.2,37.5,31.25,-3.278
ONGC,10,91,-1.343,-1.2,-122.218,5.873,-7.2,30.769,51.648,-3.942
ONGC,15,91,-1.406,-1.493,-127.904,7.443,-7.2,30.769,61.538,-4.126
