setup_type,alpha_score_bucket,holding_days,trades,avg_return_pct,median_return_pct,total_return_pct,best_return_pct,worst_return_pct,win_rate_pct,stop_rate_pct,expectancy_rank
VOLATILITY_COIL,20-40,15,128,0.972,-1.318,124.359,30.324,-7.2,30.469,66.406,3.349
VOLATILITY_COIL,20-40,10,130,0.627,-1.263,81.5,28.163,-7.2,28.462,64.615,2.034
FLOOR_BOUNCE,00-20,15,39,0.859,-0.759,33.507,16.138,-5.529,33.333,64.103,1.788
FLOOR_BOUNCE,00-20,5,40,0.684,-0.496,27.348,11.692,-3.799,40.0,55.0,1.73
FLOOR_BOUNCE,20-40,5,371,0.22,-0.641,81.731,14.214,-6.476,39.084,42.857,1.658
FLOOR_BOUNCE,20-40,15,363,0.253,-1.2,91.759,22.835,-7.2,30.028,63.636,1.446
FLOOR_BOUNCE,20-40,10,366,0.22,-1.08,80.338,15.981,-7.2,31.421,59.016,1.319
FLOOR_BOUNCE,20-40,3,376,0.137,-0.455,51.684,21.11,-5.62,41.755,34.043,1.113
PINCH_ZONE,20-40,15,118,0.416,-1.486,49.132,30.324,-7.2,22.881,74.576,1.035
PINCH_ZONE,20-40,10,118,0.348,-1.244,41.118,28.163,-7.2,26.271,71.186,0.994
FLOOR_BOUNCE,00-20,10,39,0.472,-0.759,18.421,16.178,-4.007,30.769,61.538,0.908
FLOOR_BOUNCE,60-80,15,204,0.155,-1.132,31.709,21.445,-7.2,33.333,62.255,0.74
FLOOR_BOUNCE,00-20,3,40,0.215,-0.496,8.599,5.768,-4.574,40.0,50.0,0.544
PINCH_ZONE,20-40,3,121,0.118,-0.676,14.238,9.079,-2.77,41.322,46.281,0.535
VOLATILITY_COIL,20-40,5,131,0.114,-0.931,14.949,15.53,-7.2,35.115,56.489,0.459
FLOOR_BOUNCE,40-60,3,569,0.037,-0.448,21.234,13.992,-7.2,42.179,35.501,0.375
IV_SKEW_ACCUMULATION,40-60,15,591,0.04,-1.624,23.733,29.896,-7.2,30.118,62.437,0.294
REGIME_SHIFT,60-80,15,168,0.055,-1.084,9.273,22.597,-7.2,33.333,62.5,0.238
VOLATILITY_COIL,20-40,3,135,0.037,-0.539,4.962,18.133,-7.2,39.259,44.444,0.168
VOLATILITY_COIL,40-60,10,113,0.018,-1.221,2.074,20.553,-7.2,28.319,64.602,0.055
FLOOR_BOUNCE,60-80,10,209,-0.007,-1.089,-1.526,16.411,-7.2,34.45,57.416,-0.036
IV_SKEW_ACCUMULATION,40-60,3,623,-0.004,-0.534,-2.558,13.992,-7.2,41.573,33.226,-0.043
PINCH_ZONE,60-80,10,31,-0.055,-2.092,-1.71,16.054,-3.652,25.806,61.29,-0.079
FLOOR_BOUNCE,60-80,5,215,-0.029,-0.687,-6.256,9.151,-7.2,40.93,46.977,-0.175
VOLATILITY_COIL,40-60,3,113,-0.051,-0.527,-5.816,7.686,-7.2,38.938,40.708,-0.213
VOLATILITY_COIL,40-60,15,110,-0.096,-1.371,-10.556,27.728,-7.2,24.545,69.091,-0.247
PINCH_ZONE,40-60,3,165,-0.071,-0.85,-11.672,9.304,-4.425,35.758,47.879,-0.325
PINCH_ZONE,60-80,15,31,-0.305,-2.408,-9.458,21.445,-3.79,19.355,74.194,-0.329
IV_SKEW_ACCUMULATION,40-60,10,596,-0.044,-1.191,-26.331,26.64,-7.2,34.06,55.369,-0.367
PINCH_ZONE,20-40,5,120,-0.12,-1.049,-14.381,8.984,-5.778,32.5,60.833,-0.427
INVENTORY_MIGRATION,60-80,15,351,-0.101,-1.485,-35.601,22.597,-7.2,32.764,60.684,-0.623
VOLATILITY_COIL,00-20,15,23,-1.512,-1.777,-34.777,10.804,-7.2,8.696,91.304,-0.631
PINCH_ZONE,40-60,5,162,-0.161,-1.038,-26.083,11.038,-7.2,32.716,58.025,-0.67
PINCH_ZONE,60-80,5,32,-0.343,-1.178,-10.978,6.644,-3.652,37.5,53.125,-0.728
VOLATILITY_COIL,00-20,3,24,-0.717,-1.153,-17.202,5.7,-3.576,20.833,50.0,-0.732
PINCH_ZONE,60-80,3,32,-0.329,-0.709,-10.534,9.613,-3.917,40.625,43.75,-0.757
VOLATILITY_COIL,00-20,10,24,-1.882,-1.784,-45.17,5.637,-7.2,8.333,91.667,-0.768
IV_SKEW_ACCUMULATION,60-80,15,185,-0.208,-1.875,-38.559,21.142,-7.2,29.73,64.865,-0.843
FLOOR_BOUNCE,40-60,15,552,-0.137,-1.351,-75.503,30.733,-7.2,27.174,65.942,-0.873
FLOOR_BOUNCE,60-80,3,219,-0.168,-0.526,-36.876,9.613,-7.2,40.639,38.813,-1.013
FLOOR_BOUNCE,40-60,5,562,-0.115,-0.772,-64.699,14.143,-7.2,37.9,45.018,-1.034
VOLATILITY_COIL,00-20,5,24,-1.12,-1.606,-26.888,7.995,-5.947,20.833,66.667,-1.143
PINCH_ZONE,40-60,15,156,-0.477,-1.512,-74.414,20.248,-7.2,19.231,77.564,-1.146
VOLATILITY_COIL,40-60,5,113,-0.351,-0.886,-39.625,10.883,-7.2,31.858,53.982,-1.188
IV_SKEW_ACCUMULATION,60-80,10,188,-0.281,-1.578,-52.865,16.411,-7.2,31.915,59.043,-1.231
INVENTORY_MIGRATION,60-80,10,358,-0.189,-1.13,-67.752,18.92,-7.2,34.916,54.19,-1.25
FLOOR_BOUNCE,40-60,10,556,-0.181,-1.19,-100.726,22.438,-7.2,30.396,59.353,-1.298
IV_SKEW_ACCUMULATION,60-80,5,196,-0.247,-0.834,-48.474,9.219,-7.2,38.776,43.367,-1.343
PINCH_ZONE,40-60,10,160,-0.515,-1.254,-82.406,11.884,-7.2,21.25,73.125,-1.384
REGIME_SHIFT,60-80,10,172,-0.343,-1.084,-58.99,18.92,-7.2,31.395,59.302,-1.412
IV_SKEW_ACCUMULATION,40-60,5,614,-0.154,-0.778,-94.7,17.94,-7.2,40.554,42.345,-1.55
REGIME_SHIFT,60-80,5,180,-0.35,-0.769,-63.036,9.151,-7.2,35.556,49.444,-1.671
REGIME_SHIFT,40-60,3,407,-0.238,-0.627,-96.874,13.992,-7.2,36.855,36.855,-1.77
INVENTORY_MIGRATION,60-80,5,371,-0.231,-0.687,-85.794,10.063,-7.2,40.431,42.318,-1.801
IV_SKEW_ACCUMULATION,60-80,3,199,-0.342,-0.634,-68.068,8.44,-7.2,39.698,33.668,-1.916
REGIME_SHIFT,60-80,3,185,-0.4,-0.687,-73.977,7.915,-7.2,37.297,36.757,-2.029
INVENTORY_MIGRATION,40-60,15,829,-0.26,-1.654,-215.246,45.074,-7.2,28.83,62.967,-2.155
INVENTORY_MIGRATION,00-20,3,454,-0.307,-0.547,-139.587,9.467,-7.2,38.767,34.141,-2.54
REGIME_SHIFT,20-40,15,808,-0.349,-1.2,-282.288,24.373,-7.2,26.361,67.079,-2.618
REGIME_SHIFT,20-40,10,823,-0.348,-1.021,-286.239,20.467,-7.2,27.096,61.118,-2.704
REGIME_SHIFT,00-20,3,434,-0.432,-0.76,-187.66,7.881,-7.2,31.106,48.387,-2.802
INVENTORY_MIGRATION,60-80,3,378,-0.374,-0.612,-141.468,8.44,-7.2,40.212,31.481,-2.926
REGIME_SHIFT,40-60,15,388,-0.583,-1.344,-226.203,27.728,-7.2,25.773,66.495,-2.96
REGIME_SHIFT,20-40,3,856,-0.318,-0.73,-271.977,12.392,-7.2,32.593,42.29,-3.03
REGIME_SHIFT,40-60,5,403,-0.453,-0.938,-182.738,16.5,-7.2,33.499,45.658,-3.049
REGIME_SHIFT,00-20,15,418,-0.988,-1.292,-413.136,17.824,-7.2,15.789,79.426,-3.191
INVENTORY_MIGRATION,40-60,10,842,-0.347,-1.217,-292.162,27.996,-7.2,32.542,55.344,-3.276
REGIME_SHIFT,20-40,5,844,-0.39,-0.892,-329.09,14.383,-7.2,29.265,51.777,-3.315
REGIME_SHIFT,00-20,10,428,-0.923,-1.224,-395.008,17.29,-7.2,18.458,73.131,-3.524
INVENTORY_MIGRATION,00-20,5,448,-0.477,-0.879,-213.73,21.946,-7.2,35.491,43.304,-3.584
IV_SKEW_ACCUMULATION,00-20,3,763,-0.353,-0.676,-269.277,8.274,-7.2,37.221,39.712,-3.629
IV_SKEW_ACCUMULATION,00-20,5,749,-0.385,-0.902,-288.153,11.239,-7.2,34.579,49.8,-3.641
REGIME_SHIFT,00-20,5,432,-0.702,-0.973,-303.205,10.383,-7.2,25.926,59.259,-3.782
INVENTORY_MIGRATION,00-20,10,442,-0.621,-1.339,-274.644,18.199,-7.2,28.959,56.109,-3.783
REGIME_SHIFT,40-60,10,392,-0.706,-1.195,-276.744,27.996,-7.2,27.551,59.949,-3.851
IV_SKEW_ACCUMULATION,00-20,15,716,-0.607,-1.634,-434.489,21.336,-7.2,24.302,71.229,-3.946
INVENTORY_MIGRATION,00-20,15,433,-0.741,-1.565,-320.702,17.824,-7.2,26.328,64.203,-4.058
INVENTORY_MIGRATION,40-60,3,883,-0.366,-0.688,-322.928,13.992,-7.2,37.712,33.522,-4.098
INVENTORY_MIGRATION,40-60,5,870,-0.4,-0.834,-347.923,18.746,-7.2,36.782,42.184,-4.339
IV_SKEW_ACCUMULATION,00-20,10,735,-0.604,-1.448,-443.69,14.857,-7.2,27.483,63.537,-4.498
IV_SKEW_ACCUMULATION,20-40,10,1497,-0.439,-1.441,-657.025,30.548,-7.2,29.726,60.655,-5.048
INVENTORY_MIGRATION,20-40,3,1535,-0.369,-0.694,-566.7,21.11,-7.2,36.091,33.681,-5.22
IV_SKEW_ACCUMULATION,20-40,3,1567,-0.377,-0.744,-590.993,21.11,-7.2,35.801,37.715,-5.345
IV_SKEW_ACCUMULATION,20-40,15,1467,-0.53,-1.729,-777.292,34.399,-7.2,26.994,67.28,-5.478
INVENTORY_MIGRATION,20-40,5,1514,-0.423,-0.896,-640.765,17.001,-7.2,34.61,42.668,-5.7
IV_SKEW_ACCUMULATION,20-40,5,1539,-0.486,-1.084,-747.598,21.414,-7.2,32.878,48.863,-6.266
INVENTORY_MIGRATION,20-40,10,1470,-0.574,-1.278,-843.195,20.467,-7.2,30.204,56.122,-6.643
INVENTORY_MIGRATION,20-40,15,1446,-0.713,-1.608,-1031.33,24.903,-7.2,27.801,63.831,-7.54
