setup_type,rs20_bucket,holding_days,trades,avg_return_pct,median_return_pct,total_return_pct,best_return_pct,worst_return_pct,win_rate_pct,stop_rate_pct,expectancy_rank
VOLATILITY_COIL,rs_gt_10,15,97,1.221,-1.412,118.398,30.324,-7.2,30.928,67.01,3.718
VOLATILITY_COIL,rs_gt_10,10,98,1.099,-1.272,107.711,28.163,-7.2,31.633,62.245,3.442
PINCH_ZONE,rs_0_5,5,110,0.502,-0.674,55.22,11.038,-3.73,40.0,52.727,2.106
VOLATILITY_COIL,rs_gt_10,3,98,0.431,-0.502,42.251,18.133,-7.2,41.837,41.837,1.786
VOLATILITY_COIL,rs_gt_10,5,98,0.43,-0.867,42.17,15.53,-7.2,37.755,55.102,1.608
FLOOR_BOUNCE,rs_0_5,5,463,0.173,-0.557,79.967,11.692,-7.2,41.253,42.117,1.533
FLOOR_BOUNCE,rs_5_10,3,409,0.163,-0.427,66.725,10.285,-7.2,43.032,36.186,1.42
FLOOR_BOUNCE,rs_5_10,10,396,0.2,-0.994,79.316,16.066,-7.2,34.596,56.818,1.379
FLOOR_BOUNCE,rs_5_10,5,402,0.146,-0.615,58.718,10.665,-7.2,41.294,44.03,1.209
FLOOR_BOUNCE,rs_5_10,15,387,0.197,-1.201,76.17,18.921,-7.2,30.749,61.757,1.191
PINCH_ZONE,rs_0_5,3,110,0.183,-0.589,20.141,6.111,-3.615,41.818,43.636,0.803
PINCH_ZONE,rs_0_5,15,107,0.232,-1.2,24.794,11.713,-7.2,26.168,71.963,0.627
PINCH_ZONE,rs_0_5,10,108,0.208,-1.133,22.424,11.884,-7.2,28.704,67.593,0.619
PINCH_ZONE,rs_5_10,3,109,0.137,-0.857,14.955,9.613,-3.917,39.45,44.954,0.565
FLOOR_BOUNCE,rs_gt_10,15,318,0.115,-1.658,36.627,30.733,-7.2,27.358,66.667,0.562
PINCH_ZONE,rs_5_10,5,105,0.005,-0.886,0.513,7.41,-5.778,38.095,51.429,0.019
FLOOR_BOUNCE,rs_0_5,3,468,-0.008,-0.476,-3.602,10.088,-5.038,41.667,35.897,-0.069
FLOOR_BOUNCE,rs_0_5,10,456,-0.031,-0.981,-14.186,16.178,-7.2,30.921,58.333,-0.205
FLOOR_BOUNCE,rs_0_5,15,455,-0.039,-1.154,-17.747,18.386,-7.2,29.89,65.055,-0.249
FLOOR_BOUNCE,rs_gt_10,3,329,-0.036,-0.579,-11.833,21.11,-7.2,40.426,36.17,-0.264
PINCH_ZONE,rs_5_10,10,104,-0.141,-1.227,-14.683,13.935,-7.2,24.038,68.269,-0.346
VOLATILITY_COIL,rs_5_10,15,90,-0.15,-1.471,-13.525,18.335,-7.2,26.667,68.889,-0.38
PINCH_ZONE,rs_gt_10,15,102,-0.233,-1.706,-23.755,30.324,-7.2,16.667,82.353,-0.392
VOLATILITY_COIL,rs_0_5,3,78,-0.161,-0.472,-12.529,5.7,-6.072,37.179,43.59,-0.527
PINCH_ZONE,rs_5_10,15,103,-0.278,-1.685,-28.592,13.721,-7.2,19.417,73.786,-0.547
VOLATILITY_COIL,rs_0_5,15,74,-0.349,-1.444,-25.846,16.022,-7.2,18.919,74.324,-0.568
FLOOR_BOUNCE,rs_gt_10,10,320,-0.162,-1.535,-51.722,22.438,-7.2,28.75,62.187,-0.831
VOLATILITY_COIL,rs_5_10,10,94,-0.329,-1.471,-30.892,13.935,-7.2,26.596,69.149,-0.847
VOLATILITY_COIL,rs_0_5,5,75,-0.316,-0.717,-23.712,7.995,-7.2,32.0,57.333,-0.876
VOLATILITY_COIL,rs_0_5,10,75,-0.512,-1.216,-38.416,11.718,-7.2,20.0,70.667,-0.887
PINCH_ZONE,rs_gt_10,10,105,-0.489,-1.7,-51.361,28.163,-7.2,18.095,78.095,-0.907
PINCH_ZONE,rs_gt_10,3,107,-0.445,-1.178,-47.637,7.406,-4.425,31.776,53.271,-1.463
VOLATILITY_COIL,rs_5_10,3,96,-0.498,-1.027,-47.778,5.972,-7.2,33.333,44.792,-1.625
FLOOR_BOUNCE,rs_gt_10,5,325,-0.275,-1.178,-89.418,14.214,-7.2,32.923,50.154,-1.633
VOLATILITY_COIL,rs_5_10,5,95,-0.737,-1.227,-70.022,7.787,-7.2,27.368,56.842,-1.966
PINCH_ZONE,rs_gt_10,5,107,-0.969,-1.634,-103.714,8.984,-7.2,21.495,71.963,-2.155
IV_SKEW_ACCUMULATION,rs_5_10,10,988,-0.243,-1.24,-240.485,26.64,-7.2,32.085,57.692,-2.455
REGIME_SHIFT,rs_5_10,3,634,-0.286,-0.715,-181.036,10.285,-7.2,34.858,40.536,-2.506
REGIME_SHIFT,rs_gt_10,15,532,-0.497,-1.407,-264.269,27.728,-7.2,25.0,70.677,-2.864
IV_SKEW_ACCUMULATION,rs_gt_10,15,1099,-0.338,-1.888,-371.581,34.399,-7.2,26.388,68.699,-2.958
REGIME_SHIFT,rs_gt_10,3,562,-0.368,-0.792,-206.608,13.992,-7.2,33.986,41.815,-2.962
REGIME_SHIFT,rs_0_5,3,686,-0.354,-0.686,-242.843,7.568,-7.2,32.216,43.44,-2.987
REGIME_SHIFT,rs_5_10,15,598,-0.479,-1.219,-286.541,18.921,-7.2,25.753,67.224,-3.018
IV_SKEW_ACCUMULATION,rs_5_10,15,964,-0.364,-1.603,-350.507,24.87,-7.2,28.008,64.834,-3.162
REGIME_SHIFT,rs_0_5,5,678,-0.412,-0.853,-279.4,12.37,-7.2,29.794,52.507,-3.197
REGIME_SHIFT,rs_0_5,15,652,-0.555,-1.148,-361.544,18.386,-7.2,22.699,70.399,-3.214
INVENTORY_MIGRATION,rs_gt_10,15,1158,-0.323,-1.839,-374.43,31.111,-7.2,29.447,64.162,-3.24
REGIME_SHIFT,rs_5_10,5,623,-0.415,-0.869,-258.45,16.5,-7.2,31.942,50.401,-3.307
REGIME_SHIFT,rs_5_10,10,612,-0.529,-1.142,-323.62,14.505,-7.2,26.144,61.601,-3.42
REGIME_SHIFT,rs_gt_10,10,546,-0.558,-1.226,-304.502,27.996,-7.2,26.74,65.018,-3.485
IV_SKEW_ACCUMULATION,rs_0_5,3,948,-0.309,-0.56,-292.546,11.304,-7.2,37.658,35.127,-3.578
IV_SKEW_ACCUMULATION,rs_gt_10,3,1157,-0.281,-0.78,-325.549,21.11,-7.2,37.597,39.672,-3.598
IV_SKEW_ACCUMULATION,rs_5_10,3,1049,-0.3,-0.631,-314.439,12.729,-7.2,37.369,35.939,-3.628
REGIME_SHIFT,rs_0_5,10,657,-0.592,-1.026,-388.86,15.335,-7.2,24.049,64.079,-3.648
INVENTORY_MIGRATION,rs_0_5,5,951,-0.332,-0.772,-315.812,11.87,-7.2,35.752,42.376,-3.661
IV_SKEW_ACCUMULATION,rs_gt_10,10,1122,-0.385,-1.7,-431.79,30.548,-7.2,29.144,62.567,-3.757
INVENTORY_MIGRATION,rs_0_5,3,965,-0.333,-0.577,-321.026,11.304,-7.2,37.72,33.782,-3.898
IV_SKEW_ACCUMULATION,rs_5_10,5,1026,-0.339,-0.863,-347.968,16.31,-7.2,36.745,45.127,-3.992
REGIME_SHIFT,rs_gt_10,5,558,-0.61,-1.033,-340.218,14.383,-7.2,28.136,53.047,-4.052
INVENTORY_MIGRATION,rs_5_10,3,1069,-0.358,-0.612,-382.85,12.729,-7.2,36.67,32.928,-4.294
IV_SKEW_ACCUMULATION,rs_gt_10,5,1144,-0.362,-1.099,-414.558,21.414,-7.2,35.402,50.0,-4.339
IV_SKEW_ACCUMULATION,rs_0_5,5,930,-0.444,-0.912,-412.88,12.37,-7.2,33.226,46.882,-4.498
IV_SKEW_ACCUMULATION,rs_0_5,15,898,-0.553,-1.558,-496.346,28.443,-7.2,27.171,67.595,-4.5
INVENTORY_MIGRATION,rs_5_10,5,1048,-0.383,-0.779,-401.354,21.946,-7.2,36.832,41.603,-4.566
INVENTORY_MIGRATION,rs_gt_10,10,1182,-0.419,-1.573,-495.213,27.996,-7.2,31.81,56.768,-4.582
INVENTORY_MIGRATION,rs_0_5,10,918,-0.512,-1.098,-469.979,15.335,-7.2,30.392,55.229,-4.714
IV_SKEW_ACCUMULATION,rs_0_5,10,908,-0.551,-1.296,-500.755,21.426,-7.2,29.405,60.022,-4.887
INVENTORY_MIGRATION,rs_5_10,10,1015,-0.494,-1.183,-500.949,27.854,-7.2,31.33,54.778,-4.926
INVENTORY_MIGRATION,rs_gt_10,3,1219,-0.382,-0.744,-465.443,21.11,-7.2,37.818,33.634,-5.042
INVENTORY_MIGRATION,rs_5_10,15,992,-0.577,-1.473,-572.718,45.074,-7.2,28.931,61.492,-5.261
INVENTORY_MIGRATION,rs_0_5,15,912,-0.71,-1.422,-647.441,18.386,-7.2,26.754,64.035,-5.736
INVENTORY_MIGRATION,rs_gt_10,5,1207,-0.468,-1.081,-565.19,17.001,-7.2,35.543,43.579,-5.782
