sector,holding_days,trades,avg_return_pct,median_return_pct,total_return_pct,best_return_pct,worst_return_pct,win_rate_pct,stop_rate_pct,expectancy_rank
NIFTY PSU BANK,15,705,1.088,-0.944,767.125,19.037,-7.2,41.844,52.624,12.089
NIFTY PSU BANK,10,705,0.741,-0.515,522.749,17.321,-7.2,46.95,47.234,9.244
NIFTY PVT BANK,15,720,0.462,-0.943,332.906,18.335,-7.2,35.694,58.194,4.428
NIFTY PSU BANK,5,705,0.275,-0.408,194.077,11.239,-7.2,46.809,37.163,3.421
NIFTY PVT BANK,10,741,0.233,-0.823,172.602,14.505,-7.2,38.057,53.036,2.413
NIFTY PSU BANK,3,705,0.125,-0.233,87.802,10.148,-7.2,45.957,30.496,1.52
NIFTY METAL,15,984,0.115,-1.482,112.83,27.728,-7.2,29.573,64.939,1.064
NIFTY PVT BANK,5,770,0.064,-0.6,48.977,12.588,-7.2,42.987,45.195,0.759
NIFTY INFRA,5,1107,0.022,-0.746,23.975,14.372,-7.2,37.669,45.077,0.271
NIFTY INFRA,10,1080,-0.017,-1.159,-18.485,21.426,-7.2,31.481,59.907,-0.177
NIFTY MEDIA & COMM,15,220,-0.043,-1.336,-9.475,17.408,-7.2,29.545,65.909,-0.189
NIFTY INFRA,3,1134,-0.019,-0.562,-21.552,13.17,-7.2,41.358,37.037,-0.265
NIFTY IT,5,393,-0.113,-0.497,-44.305,14.929,-7.2,37.913,38.168,-0.847
NIFTY MEDIA & COMM,10,226,-0.229,-1.174,-51.796,16.411,-7.2,26.549,61.062,-0.915
NIFTY PVT BANK,3,783,-0.082,-0.433,-64.21,9.613,-7.2,40.868,34.355,-0.938
NIFTY FIN SERVICE,15,1361,-0.109,-1.618,-147.755,22.835,-7.2,27.406,67.818,-1.098
NIFTY ENERGY,10,548,-0.173,-1.576,-94.824,30.548,-7.2,27.555,61.314,-1.116
NIFTY INFRA,15,1050,-0.13,-1.376,-136.472,29.896,-7.2,28.286,67.143,-1.191
NIFTY METAL,3,992,-0.094,-0.537,-92.922,13.992,-7.2,41.633,37.198,-1.228
NIFTY MEDIA & COMM,5,230,-0.229,-0.806,-52.631,10.449,-7.2,40.435,50.87,-1.403
NIFTY MEDIA & COMM,3,235,-0.253,-0.816,-59.345,10.088,-7.2,37.872,38.298,-1.466
NIFTY FIN SERVICE,10,1368,-0.167,-1.443,-228.324,19.343,-7.2,28.436,61.623,-1.755
NIFTY IT,3,401,-0.237,-0.497,-95.119,8.303,-7.2,37.157,32.17,-1.765
NIFTY REALTY,3,221,-0.383,-0.611,-84.698,7.954,-7.2,32.579,37.104,-1.856
NIFTY SERVICES,15,185,-0.719,-1.528,-132.957,19.748,-7.2,20.541,72.973,-2.008
NIFTY ENERGY,15,530,-0.404,-1.965,-214.165,45.074,-7.2,22.83,69.434,-2.124
NIFTY AUTO,3,752,-0.197,-0.579,-147.803,10.285,-7.2,40.426,35.372,-2.179
NIFTY SERVICES,3,216,-0.505,-0.723,-108.996,9.36,-6.099,29.63,43.981,-2.197
NIFTY REALTY,5,211,-0.573,-0.787,-120.984,10.726,-7.2,28.91,45.498,-2.408
NIFTY SERVICES,10,193,-0.892,-1.505,-172.12,13.078,-7.2,20.207,69.43,-2.504
NIFTY FIN SERVICE,5,1396,-0.199,-0.993,-277.595,21.946,-7.2,34.026,48.352,-2.528
NIFTY CONS DURABLES,3,279,-0.478,-0.794,-133.312,9.918,-7.2,34.05,40.86,-2.718
NIFTY METAL,10,987,-0.29,-1.313,-285.997,20.553,-7.2,31.307,58.359,-2.85
NIFTY SERVICES,5,206,-0.832,-0.994,-171.295,9.166,-6.099,24.272,53.398,-2.897
NIFTY AUTO,15,693,-0.395,-1.275,-273.828,17.237,-7.2,28.571,62.771,-2.972
Other,15,208,-0.743,-1.584,-154.475,16.755,-7.2,27.885,67.788,-2.987
Other,3,214,-0.607,-0.854,-129.806,7.489,-7.2,35.047,38.785,-3.11
NIFTY ENERGY,3,571,-0.366,-0.752,-208.906,11.304,-7.2,36.602,38.179,-3.2
NIFTY FIN SERVICE,3,1411,-0.244,-0.698,-344.936,21.11,-7.2,35.152,37.775,-3.228
NIFTY COMMODITIES,10,231,-1.397,-1.855,-322.642,7.076,-7.2,16.017,77.056,-3.4
NIFTY AUTO,10,716,-0.412,-1.102,-294.916,11.934,-7.2,31.006,56.285,-3.417
NIFTY COMMODITIES,15,219,-1.456,-1.905,-318.815,9.024,-7.2,15.982,81.279,-3.443
NIFTY COMMODITIES,5,245,-1.325,-1.586,-324.566,5.605,-4.441,16.735,65.306,-3.47
Other,10,214,-0.858,-1.265,-183.586,14.251,-7.2,28.505,62.15,-3.577
NIFTY ENERGY,5,562,-0.498,-1.284,-279.876,18.746,-7.2,30.427,48.754,-3.592
NIFTY OIL & GAS,3,483,-0.506,-0.786,-244.533,18.133,-6.368,32.505,39.13,-3.617
NIFTY REALTY,10,193,-1.326,-1.766,-255.973,11.587,-7.2,19.689,67.876,-3.628
NIFTY COMMODITIES,3,251,-0.977,-1.16,-245.302,3.572,-4.441,23.506,47.809,-3.64
NIFTY REALTY,15,193,-1.494,-1.843,-288.382,12.007,-7.2,17.617,74.611,-3.657
NIFTY PHARMA,3,820,-0.359,-0.626,-294.524,6.37,-5.86,36.829,38.415,-3.788
NIFTY IT,10,387,-0.588,-1.092,-227.604,20.467,-7.2,33.85,52.713,-3.916
NIFTY METAL,5,992,-0.327,-0.85,-324.164,17.94,-7.2,38.206,47.177,-3.932
NIFTY CONS DURABLES,5,272,-0.891,-1.115,-242.322,9.156,-7.2,26.838,53.309,-3.943
Other,5,214,-0.793,-1.005,-169.626,10.308,-7.2,34.112,47.664,-3.955
NIFTY AUTO,5,740,-0.458,-0.909,-338.982,10.665,-7.2,32.162,46.486,-4.008
NIFTY PHARMA,10,792,-0.532,-1.183,-421.005,14.303,-7.2,27.273,58.081,-4.08
NIFTY CONS DURABLES,15,261,-2.066,-1.979,-539.203,13.366,-7.2,12.261,83.908,-4.092
NIFTY PHARMA,5,817,-0.425,-0.787,-347.111,8.88,-6.131,35.006,47.368,-4.251
NIFTY CONS DURABLES,10,262,-1.667,-1.729,-436.776,11.251,-7.2,17.176,75.954,-4.635
NIFTY OIL & GAS,10,461,-0.965,-1.237,-445.088,13.587,-7.2,22.993,62.907,-4.767
NIFTY OIL & GAS,5,472,-0.686,-1.091,-323.916,16.516,-7.2,32.203,50.0,-4.801
NIFTY PHARMA,15,771,-0.714,-1.435,-550.858,16.036,-7.2,24.903,66.018,-4.94
NIFTY OIL & GAS,15,457,-1.327,-1.675,-606.284,10.422,-7.2,19.256,69.584,-5.461
NIFTY FMCG,3,637,-0.809,-0.894,-515.196,11.725,-7.2,27.002,39.56,-5.512
NIFTY IT,15,384,-1.056,-1.721,-405.359,14.384,-7.2,27.344,61.979,-5.656
NIFTY FMCG,5,625,-1.005,-1.218,-628.292,16.5,-7.2,23.84,49.6,-5.991
NIFTY FMCG,10,612,-1.473,-1.52,-901.669,14.571,-7.2,18.137,66.83,-6.611
NIFTY FMCG,15,609,-1.68,-1.786,-1022.846,17.688,-7.2,18.062,73.727,-7.486
